state,county,fips,age_med
Alabama,Autauga,1001,37.0
Alabama,Baldwin,1003,41.1
Alabama,Barbour,1005,39.0
Alabama,Bibb,1007,37.8
Alabama,Blount,1009,39.0
Alabama,Bullock,1011,38.5
Alabama,Butler,1013,40.1
Alabama,Calhoun,1015,38.2
Alabama,Chambers,1017,41.5
Alabama,Cherokee,1019,43.9
Alabama,Chilton,1021,37.6
Alabama,Choctaw,1023,43.4
Alabama,Clarke,1025,40.2
Alabama,Clay,1027,42.0
Alabama,Cleburne,1029,40.6
Alabama,Coffee,1031,37.6
Alabama,Colbert,1033,41.8
Alabama,Conecuh,1035,43.0
Alabama,Coosa,1037,44.2
Alabama,Covington,1039,42.4
Alabama,Crenshaw,1041,40.7
Alabama,Cullman,1043,39.9
Alabama,Dale,1045,36.1
Alabama,Dallas,1047,37.7
Alabama,DeKalb,1049,37.5
Alabama,Elmore,1051,37.8
Alabama,Escambia,1053,39.2
Alabama,Etowah,1055,40.2
Alabama,Fayette,1057,42.5
Alabama,Franklin,1059,37.8
Alabama,Geneva,1061,42.0
Alabama,Greene,1063,41.8
Alabama,Hale,1065,40.0
Alabama,Henry,1067,42.8
Alabama,Houston,1069,38.5
Alabama,Jackson,1071,41.4
Alabama,Jefferson,1073,37.1
Alabama,Lamar,1075,43.5
Alabama,Lauderdale,1077,40.4
Alabama,Lawrence,1079,40.6
Alabama,Lee,1081,29.5
Alabama,Limestone,1083,38.4
Alabama,Lowndes,1085,40.6
Alabama,Macon,1087,36.3
Alabama,Madison,1089,37.3
Alabama,Marengo,1091,40.4
Alabama,Marion,1093,42.8
Alabama,Marshall,1095,38.2
Alabama,Mobile,1097,36.6
Alabama,Monroe,1099,40.1
Alabama,Montgomery,1101,34.9
Alabama,Morgan,1103,39.0
Alabama,Perry,1105,37.2
Alabama,Pickens,1107,41.9
Alabama,Pike,1109,31.4
Alabama,Randolph,1111,41.2
Alabama,Russell,1113,35.8
Alabama,St. Clair,1115,38.6
Alabama,Shelby,1117,36.9
Alabama,Sumter,1119,37.7
Alabama,Talladega,1121,39.3
Alabama,Tallapoosa,1123,42.4
Alabama,Tuscaloosa,1125,31.2
Alabama,Walker,1127,41.2
Alabama,Washington,1129,39.7
Alabama,Wilcox,1131,38.8
Alabama,Winston,1133,43.1
Alaska,Aleutians East,2013,42.1
Alaska,Aleutians West,2016,40.7
Alaska,Anchorage,2020,32.9
Alaska,Bethel,2050,26.2
Alaska,Bristol Bay,2060,42.8
Alaska,Denali,2068,41.5
Alaska,Dillingham,2070,29.0
Alaska,Fairbanks North Star,2090,31.0
Alaska,Haines,2100,46.9
Alaska,Hoonah-Angoon,2105,46.0
Alaska,Juneau,2110,38.1
Alaska,Kenai Peninsula,2122,40.6
Alaska,Ketchikan Gateway,2130,38.4
Alaska,Kodiak Island,2150,32.5
Alaska,Lake and Peninsula,2164,30.8
Alaska,Matanuska-Susitna,2170,34.8
Alaska,Nome,2180,27.6
Alaska,North Slope,2185,35.1
Alaska,Northwest Arctic,2188,25.7
Alaska,Petersburg,2195,41.5
Alaska,Prince of Wales-Hyder,2198,39.9
Alaska,Sitka,2220,38.2
Alaska,Skagway,2230,41.2
Alaska,Southeast Fairbanks,2240,37.4
Alaska,Valdez-Cordova,2261,39.8
Alaska,Wade Hampton,2270,21.9
Alaska,Wrangell,2275,46.7
Alaska,Yakutat,2282,39.7
Alaska,Yukon-Koyukuk,2290,35.3
Arizona,Apache,4001,32.4
Arizona,Cochise,4003,39.7
Arizona,Coconino,4005,31.0
Arizona,Gila,4007,47.9
Arizona,Graham,4009,31.6
Arizona,Greenlee,4011,34.8
Arizona,La Paz,4012,53.9
Arizona,Maricopa,4013,34.6
Arizona,Mohave,4015,47.6
Arizona,Navajo,4017,34.7
Arizona,Pima,4019,37.7
Arizona,Pinal,4021,35.3
Arizona,Santa Cruz,4023,35.6
Arizona,Yavapai,4025,49.2
Arizona,Yuma,4027,33.8
Arkansas,Arkansas,5001,40.7
Arkansas,Ashley,5003,40.3
Arkansas,Baxter,5005,50.6
Arkansas,Benton,5007,34.3
Arkansas,Boone,5009,41.4
Arkansas,Bradley,5011,40.3
Arkansas,Calhoun,5013,43.4
Arkansas,Carroll,5015,44.0
Arkansas,Chicot,5017,41.8
Arkansas,Clark,5019,33.5
Arkansas,Clay,5021,43.2
Arkansas,Cleburne,5023,46.8
Arkansas,Cleveland,5025,40.2
Arkansas,Columbia,5027,37.0
Arkansas,Conway,5029,40.5
Arkansas,Craighead,5031,33.2
Arkansas,Crawford,5033,37.6
Arkansas,Crittenden,5035,34.2
Arkansas,Cross,5037,39.7
Arkansas,Dallas,5039,42.7
Arkansas,Desha,5041,38.7
Arkansas,Drew,5043,36.9
Arkansas,Faulkner,5045,31.5
Arkansas,Franklin,5047,39.8
Arkansas,Fulton,5049,47.0
Arkansas,Garland,5051,44.4
Arkansas,Grant,5053,39.5
Arkansas,Greene,5055,37.9
Arkansas,Hempstead,5057,37.7
Arkansas,Hot Spring,5059,40.1
Arkansas,Howard,5061,38.4
Arkansas,Independence,5063,39.0
Arkansas,Izard,5065,47.3
Arkansas,Jackson,5067,40.5
Arkansas,Jefferson,5069,37.4
Arkansas,Johnson,5071,37.2
Arkansas,Lafayette,5073,43.3
Arkansas,Lawrence,5075,40.9
Arkansas,Lee,5077,39.8
Arkansas,Lincoln,5079,38.0
Arkansas,Little River,5081,41.2
Arkansas,Logan,5083,41.4
Arkansas,Lonoke,5085,35.3
Arkansas,Madison,5087,40.9
Arkansas,Marion,5089,50.1
Arkansas,Miller,5091,37.2
Arkansas,Mississippi,5093,34.9
Arkansas,Monroe,5095,44.2
Arkansas,Montgomery,5097,46.8
Arkansas,Nevada,5099,41.6
Arkansas,Newton,5101,46.0
Arkansas,Ouachita,5103,42.1
Arkansas,Perry,5105,41.6
Arkansas,Phillips,5107,36.9
Arkansas,Pike,5109,40.2
Arkansas,Poinsett,5111,39.8
Arkansas,Polk,5113,43.1
Arkansas,Pope,5115,35.1
Arkansas,Prairie,5117,44.5
Arkansas,Pulaski,5119,36.0
Arkansas,Randolph,5121,41.9
Arkansas,St. Francis,5123,37.2
Arkansas,Saline,5125,38.8
Arkansas,Scott,5127,39.8
Arkansas,Searcy,5129,46.8
Arkansas,Sebastian,5131,36.7
Arkansas,Sevier,5133,33.7
Arkansas,Sharp,5135,47.0
Arkansas,Stone,5137,47.7
Arkansas,Union,5139,40.1
Arkansas,Van Buren,5141,46.6
Arkansas,Washington,5143,30.7
Arkansas,White,5145,36.0
Arkansas,Woodruff,5147,43.3
Arkansas,Yell,5149,37.8
California,Alameda,6001,36.6
California,Alpine,6003,46.7
California,Amador,6005,48.2
California,Butte,6007,37.2
California,Calaveras,6009,49.2
California,Colusa,6011,33.5
California,Contra Costa,6013,38.5
California,Del Norte,6015,39.1
California,El Dorado,6017,43.6
California,Fresno,6019,30.6
California,Glenn,6021,35.3
California,Humboldt,6023,37.1
California,Imperial,6025,31.9
California,Inyo,6027,45.6
California,Kern,6029,30.7
California,Kings,6031,31.1
California,Lake,6033,45.0
California,Lassen,6035,37.1
California,Los Angeles,6037,34.8
California,Madera,6039,33.0
California,Marin,6041,44.5
California,Mariposa,6043,49.2
California,Mendocino,6045,41.5
California,Merced,6047,29.6
California,Modoc,6049,46.1
California,Mono,6051,37.2
California,Monterey,6053,32.9
California,Napa,6055,39.7
California,Nevada,6057,47.6
California,Orange,6059,36.2
California,Placer,6061,40.3
California,Plumas,6063,49.6
California,Riverside,6065,33.7
California,Sacramento,6067,34.8
California,San Benito,6069,34.3
California,San Bernardino,6071,31.7
California,San Diego,6073,34.6
California,San Francisco,6075,38.5
California,San Joaquin,6077,32.7
California,San Luis Obispo,6079,39.4
California,San Mateo,6081,39.3
California,Santa Barbara,6083,33.6
California,Santa Clara,6085,36.2
California,Santa Cruz,6087,36.9
California,Shasta,6089,41.8
California,Sierra,6091,50.9
California,Siskiyou,6093,47.0
California,Solano,6095,36.9
California,Sonoma,6097,39.9
California,Stanislaus,6099,32.9
California,Sutter,6101,34.5
California,Tehama,6103,39.5
California,Trinity,6105,49.3
California,Tulare,6107,29.6
California,Tuolumne,6109,47.3
California,Ventura,6111,36.2
California,Yolo,6113,30.4
California,Yuba,6115,32.1
Colorado,Adams,8001,32.4
Colorado,Alamosa,8003,32.9
Colorado,Arapahoe,8005,35.7
Colorado,Archuleta,8007,48.4
Colorado,Baca,8009,47.4
Colorado,Bent,8011,39.8
Colorado,Boulder,8013,35.8
Colorado,Broomfield,8014,36.4
Colorado,Chaffee,8015,47.4
Colorado,Cheyenne,8017,42.7
Colorado,Clear Creek,8019,46.6
Colorado,Conejos,8021,38.2
Colorado,Costilla,8023,49.0
Colorado,Crowley,8025,38.9
Colorado,Custer,8027,53.3
Colorado,Delta,8029,45.6
Colorado,Denver,8031,33.7
Colorado,Dolores,8033,44.7
Colorado,Douglas,8035,36.6
Colorado,Eagle,8037,34.0
Colorado,Elbert,8039,43.8
Colorado,El Paso,8041,34.1
Colorado,Fremont,8043,43.6
Colorado,Garfield,8045,34.5
Colorado,Gilpin,8047,45.6
Colorado,Grand,8049,41.2
Colorado,Gunnison,8051,34.3
Colorado,Hinsdale,8053,47.1
Colorado,Huerfano,8055,51.8
Colorado,Jackson,8057,47.3
Colorado,Jefferson,8059,40.4
Colorado,Kiowa,8061,47.4
Colorado,Kit Carson,8063,39.7
Colorado,Lake,8065,35.0
Colorado,La Plata,8067,38.4
Colorado,Larimer,8069,35.5
Colorado,Las Animas,8071,43.9
Colorado,Lincoln,8073,40.9
Colorado,Logan,8075,38.4
Colorado,Mesa,8077,38.1
Colorado,Mineral,8079,53.1
Colorado,Moffat,8081,35.8
Colorado,Montezuma,8083,42.9
Colorado,Montrose,8085,42.0
Colorado,Morgan,8087,36.0
Colorado,Otero,8089,40.9
Colorado,Ouray,8091,50.0
Colorado,Park,8093,46.9
Colorado,Phillips,8095,42.8
Colorado,Pitkin,8097,42.0
Colorado,Prowers,8099,36.7
Colorado,Pueblo,8101,38.7
Colorado,Rio Blanco,8103,38.0
Colorado,Rio Grande,8105,41.0
Colorado,Routt,8107,38.9
Colorado,Saguache,8109,43.3
Colorado,San Juan,8111,43.8
Colorado,San Miguel,8113,39.3
Colorado,Sedgwick,8115,49.2
Colorado,Summit,8117,36.4
Colorado,Teller,8119,47.0
Colorado,Washington,8121,44.2
Colorado,Weld,8123,33.1
Colorado,Yuma,8125,38.5
Connecticut,Fairfield,9001,39.5
Connecticut,Hartford,9003,39.9
Connecticut,Litchfield,9005,44.4
Connecticut,Middlesex,9007,43.1
Connecticut,New Haven,9009,39.3
Connecticut,New London,9011,40.4
Connecticut,Tolland,9013,38.3
Connecticut,Windham,9015,39.2
Delaware,Kent,10001,36.6
Delaware,New Castle,10003,37.2
Delaware,Sussex,10005,45.4
Florida,Alachua,12001,30.1
Florida,Baker,12003,36.0
Florida,Bay,12005,39.5
Florida,Bradford,12007,39.5
Florida,Brevard,12009,45.5
Florida,Broward,12011,39.7
Florida,Calhoun,12013,39.7
Florida,Charlotte,12015,55.9
Florida,Citrus,12017,54.0
Florida,Clay,12019,38.0
Florida,Collier,12021,46.9
Florida,Columbia,12023,39.9
Florida,DeSoto,12027,38.1
Florida,Dixie,12029,45.4
Florida,Duval,12031,35.8
Florida,Escambia,12033,37.6
Florida,Flagler,12035,47.5
Florida,Franklin,12037,42.4
Florida,Gadsden,12039,38.9
Florida,Gilchrist,12041,40.6
Florida,Glades,12043,43.1
Florida,Gulf,12045,42.7
Florida,Hamilton,12047,38.1
Florida,Hardee,12049,32.8
Florida,Hendry,12051,32.8
Florida,Hernando,12053,47.7
Florida,Highlands,12055,51.5
Florida,Hillsborough,12057,36.1
Florida,Holmes,12059,41.3
Florida,Indian River,12061,49.1
Florida,Jackson,12063,40.5
Florida,Jefferson,12065,44.1
Florida,Lafayette,12067,36.2
Florida,Lake,12069,45.6
Florida,Lee,12071,45.6
Florida,Leon,12073,29.6
Florida,Levy,12075,45.0
Florida,Liberty,12077,37.0
Florida,Madison,12079,40.2
Florida,Manatee,12081,45.7
Florida,Marion,12083,47.3
Florida,Martin,12085,49.7
Florida,Miami-Dade,12086,38.2
Florida,Monroe,12087,46.4
Florida,Nassau,12089,42.9
Florida,Okaloosa,12091,38.3
Florida,Okeechobee,12093,38.6
Florida,Orange,12095,33.7
Florida,Osceola,12097,35.6
Florida,Palm Beach,12099,43.5
Florida,Pasco,12101,43.6
Florida,Pinellas,12103,46.3
Florida,Polk,12105,39.8
Florida,Putnam,12107,43.4
Florida,St. Johns,12109,42.2
Florida,St. Lucie,12111,42.4
Florida,Santa Rosa,12113,39.2
Florida,Sarasota,12115,52.5
Florida,Seminole,12117,38.2
Florida,Sumter,12119,62.7
Florida,Suwannee,12121,42.2
Florida,Taylor,12123,41.1
Florida,Union,12125,39.1
Florida,Volusia,12127,45.3
Florida,Wakulla,12129,38.8
Florida,Walton,12131,42.1
Florida,Washington,12133,40.3
Georgia,Appling,13001,38.1
Georgia,Atkinson,13003,33.4
Georgia,Bacon,13005,36.9
Georgia,Baker,13007,41.6
Georgia,Baldwin,13009,34.1
Georgia,Banks,13011,38.4
Georgia,Barrow,13013,33.6
Georgia,Bartow,13015,36.2
Georgia,Ben Hill,13017,37.1
Georgia,Berrien,13019,38.0
Georgia,Bibb,13021,35.6
Georgia,Bleckley,13023,35.9
Georgia,Brantley,13025,37.8
Georgia,Brooks,13027,40.3
Georgia,Bryan,13029,35.7
Georgia,Bulloch,13031,25.9
Georgia,Burke,13033,35.9
Georgia,Butts,13035,38.1
Georgia,Calhoun,13037,38.7
Georgia,Camden,13039,31.3
Georgia,Candler,13043,37.6
Georgia,Carroll,13045,33.5
Georgia,Catoosa,13047,38.3
Georgia,Charlton,13049,38.2
Georgia,Chatham,13051,34.0
Georgia,Chattahoochee,13053,24.0
Georgia,Chattooga,13055,39.3
Georgia,Cherokee,13057,36.3
Georgia,Clarke,13059,25.9
Georgia,Clay,13061,45.8
Georgia,Clayton,13063,31.6
Georgia,Clinch,13065,36.8
Georgia,Cobb,13067,35.4
Georgia,Coffee,13069,34.8
Georgia,Colquitt,13071,34.8
Georgia,Columbia,13073,36.8
Georgia,Cook,13075,36.4
Georgia,Coweta,13077,36.6
Georgia,Crawford,13079,41.5
Georgia,Crisp,13081,38.1
Georgia,Dade,13083,39.0
Georgia,Dawson,13085,40.6
Georgia,Decatur,13087,37.7
Georgia,DeKalb,13089,34.3
Georgia,Dodge,13091,38.5
Georgia,Dooly,13093,40.0
Georgia,Dougherty,13095,33.2
Georgia,Douglas,13097,35.0
Georgia,Early,13099,39.3
Georgia,Echols,13101,31.4
Georgia,Effingham,13103,35.1
Georgia,Elbert,13105,41.1
Georgia,Emanuel,13107,36.8
Georgia,Evans,13109,35.9
Georgia,Fannin,13111,48.3
Georgia,Fayette,13113,42.4
Georgia,Floyd,13115,37.6
Georgia,Forsyth,13117,36.9
Georgia,Franklin,13119,40.9
Georgia,Fulton,13121,34.2
Georgia,Gilmer,13123,43.4
Georgia,Glascock,13125,39.3
Georgia,Glynn,13127,39.4
Georgia,Gordon,13129,36.0
Georgia,Grady,13131,37.8
Georgia,Greene,13133,46.4
Georgia,Gwinnett,13135,33.7
Georgia,Habersham,13137,38.6
Georgia,Hall,13139,34.5
Georgia,Hancock,13141,43.0
Georgia,Haralson,13143,38.5
Georgia,Harris,13145,42.0
Georgia,Hart,13147,42.6
Georgia,Heard,13149,39.1
Georgia,Henry,13151,35.3
Georgia,Houston,13153,34.5
Georgia,Irwin,13155,38.8
Georgia,Jackson,13157,37.1
Georgia,Jasper,13159,39.0
Georgia,Jeff Davis,13161,36.0
Georgia,Jefferson,13163,38.8
Georgia,Jenkins,13165,38.2
Georgia,Johnson,13167,40.4
Georgia,Jones,13169,38.7
Georgia,Lamar,13171,37.7
Georgia,Lanier,13173,33.4
Georgia,Laurens,13175,38.0
Georgia,Lee,13177,36.0
Georgia,Liberty,13179,27.9
Georgia,Lincoln,13181,45.0
Georgia,Long,13183,30.6
Georgia,Lowndes,13185,29.9
Georgia,Lumpkin,13187,36.1
Georgia,McDuffie,13189,38.4
Georgia,McIntosh,13191,44.4
Georgia,Macon,13193,38.2
Georgia,Madison,13195,39.4
Georgia,Marion,13197,40.8
Georgia,Meriwether,13199,41.0
Georgia,Miller,13201,41.7
Georgia,Mitchell,13205,37.1
Georgia,Monroe,13207,41.3
Georgia,Montgomery,13209,37.0
Georgia,Morgan,13211,41.3
Georgia,Murray,13213,36.2
Georgia,Muscogee,13215,33.5
Georgia,Newton,13217,34.7
Georgia,Oconee,13219,39.1
Georgia,Oglethorpe,13221,40.1
Georgia,Paulding,13223,33.8
Georgia,Peach,13225,33.3
Georgia,Pickens,13227,42.1
Georgia,Pierce,13229,38.4
Georgia,Pike,13231,38.5
Georgia,Polk,13233,36.2
Georgia,Pulaski,13235,41.1
Georgia,Putnam,13237,43.5
Georgia,Quitman,13239,46.4
Georgia,Rabun,13241,45.8
Georgia,Randolph,13243,42.8
Georgia,Richmond,13245,33.2
Georgia,Rockdale,13247,36.9
Georgia,Schley,13249,37.1
Georgia,Screven,13251,39.5
Georgia,Seminole,13253,43.7
Georgia,Spalding,13255,37.2
Georgia,Stephens,13257,40.7
Georgia,Stewart,13259,37.3
Georgia,Sumter,13261,33.8
Georgia,Talbot,13263,45.6
Georgia,Taliaferro,13265,45.9
Georgia,Tattnall,13267,36.6
Georgia,Taylor,13269,39.7
Georgia,Telfair,13271,39.2
Georgia,Terrell,13273,39.6
Georgia,Thomas,13275,39.6
Georgia,Tift,13277,34.5
Georgia,Toombs,13279,36.0
Georgia,Towns,13281,51.1
Georgia,Treutlen,13283,36.8
Georgia,Troup,13285,36.3
Georgia,Turner,13287,38.7
Georgia,Twiggs,13289,45.0
Georgia,Union,13291,50.7
Georgia,Upson,13293,40.3
Georgia,Walker,13295,39.7
Georgia,Walton,13297,37.4
Georgia,Ware,13299,38.4
Georgia,Warren,13301,42.9
Georgia,Washington,13303,38.9
Georgia,Wayne,13305,37.6
Georgia,Webster,13307,40.6
Georgia,Wheeler,13309,37.9
Georgia,White,13311,42.3
Georgia,Whitfield,13313,34.0
Georgia,Wilcox,13315,39.7
Georgia,Wilkes,13317,43.4
Georgia,Wilkinson,13319,41.1
Georgia,Worth,13321,39.7
Hawaii,Hawaii,15001,40.9
Hawaii,Honolulu,15003,37.8
Hawaii,Kalawao,15005,55.3
Hawaii,Kauai,15007,41.3
Hawaii,Maui,15009,39.6
Idaho,Ada,16001,34.8
Idaho,Adams,16003,50.0
Idaho,Bannock,16005,31.4
Idaho,Bear Lake,16007,40.5
Idaho,Benewah,16009,44.8
Idaho,Bingham,16011,31.8
Idaho,Blaine,16013,40.4
Idaho,Boise,16015,48.4
Idaho,Bonner,16017,45.8
Idaho,Bonneville,16019,31.7
Idaho,Boundary,16021,42.8
Idaho,Butte,16023,41.7
Idaho,Camas,16025,44.3
Idaho,Canyon,16027,31.6
Idaho,Caribou,16029,37.7
Idaho,Cassia,16031,32.0
Idaho,Clark,16033,32.7
Idaho,Clearwater,16035,49.0
Idaho,Custer,16037,48.0
Idaho,Elmore,16039,30.0
Idaho,Franklin,16041,31.5
Idaho,Fremont,16043,33.5
Idaho,Gem,16045,42.9
Idaho,Gooding,16047,34.3
Idaho,Idaho,16049,48.0
Idaho,Jefferson,16051,30.0
Idaho,Jerome,16053,31.7
Idaho,Kootenai,16055,38.9
Idaho,Latah,16057,28.3
Idaho,Lemhi,16059,49.7
Idaho,Lewis,16061,48.0
Idaho,Lincoln,16063,32.0
Idaho,Madison,16065,22.6
Idaho,Minidoka,16067,35.3
Idaho,Nez Perce,16069,40.8
Idaho,Oneida,16071,39.1
Idaho,Owyhee,16073,36.0
Idaho,Payette,16075,37.2
Idaho,Power,16077,33.2
Idaho,Shoshone,16079,46.2
Idaho,Teton,16081,33.2
Idaho,Twin Falls,16083,34.4
Idaho,Valley,16085,46.9
Idaho,Washington,16087,43.6
Illinois,Adams,17001,40.7
Illinois,Alexander,17003,41.1
Illinois,Bond,17005,39.7
Illinois,Boone,17007,36.8
Illinois,Brown,17009,37.3
Illinois,Bureau,17011,42.5
Illinois,Calhoun,17013,44.6
Illinois,Carroll,17015,46.5
Illinois,Cass,17017,38.7
Illinois,Champaign,17019,28.9
Illinois,Christian,17021,41.6
Illinois,Clark,17023,42.3
Illinois,Clay,17025,42.2
Illinois,Clinton,17027,39.3
Illinois,Coles,17029,31.6
Illinois,Cook,17031,35.3
Illinois,Crawford,17033,41.7
Illinois,Cumberland,17035,40.9
Illinois,DeKalb,17037,29.3
Illinois,De Witt,17039,41.7
Illinois,Douglas,17041,38.7
Illinois,DuPage,17043,38.2
Illinois,Edgar,17045,43.2
Illinois,Edwards,17047,42.7
Illinois,Effingham,17049,39.2
Illinois,Fayette,17051,39.9
Illinois,Ford,17053,42.4
Illinois,Franklin,17055,41.8
Illinois,Fulton,17057,41.9
Illinois,Gallatin,17059,44.4
Illinois,Greene,17061,41.6
Illinois,Grundy,17063,36.1
Illinois,Hamilton,17065,43.1
Illinois,Hancock,17067,44.6
Illinois,Hardin,17069,46.3
Illinois,Henderson,17071,47.2
Illinois,Henry,17073,41.8
Illinois,Iroquois,17075,43.4
Illinois,Jackson,17077,29.1
Illinois,Jasper,17079,42.7
Illinois,Jefferson,17081,40.6
Illinois,Jersey,17083,40.5
Illinois,Jo Daviess,17085,47.1
Illinois,Johnson,17087,42.2
Illinois,Kane,17089,34.5
Illinois,Kankakee,17091,36.7
Illinois,Kendall,17093,32.9
Illinois,Knox,17095,42.0
Illinois,Lake,17097,36.7
Illinois,LaSalle,17099,41.0
Illinois,Lawrence,17101,39.7
Illinois,Lee,17103,42.0
Illinois,Livingston,17105,40.8
Illinois,Logan,17107,39.4
Illinois,McDonough,17109,28.9
Illinois,McHenry,17111,38.0
Illinois,McLean,17113,32.1
Illinois,Macon,17115,40.3
Illinois,Macoupin,17117,41.7
Illinois,Madison,17119,38.6
Illinois,Marion,17121,41.4
Illinois,Marshall,17123,44.8
Illinois,Mason,17125,44.0
Illinois,Massac,17127,42.1
Illinois,Menard,17129,42.6
Illinois,Mercer,17131,43.7
Illinois,Monroe,17133,41.0
Illinois,Montgomery,17135,41.9
Illinois,Morgan,17137,40.8
Illinois,Moultrie,17139,40.3
Illinois,Ogle,17141,40.7
Illinois,Peoria,17143,36.8
Illinois,Perry,17145,39.4
Illinois,Piatt,17147,42.6
Illinois,Pike,17149,42.5
Illinois,Pope,17151,46.6
Illinois,Pulaski,17153,43.2
Illinois,Putnam,17155,45.2
Illinois,Randolph,17157,41.0
Illinois,Richland,17159,42.1
Illinois,Rock Island,17161,40.0
Illinois,St. Clair,17163,36.9
Illinois,Saline,17165,41.7
Illinois,Sangamon,17167,39.2
Illinois,Schuyler,17169,43.6
Illinois,Scott,17171,42.7
Illinois,Shelby,17173,43.5
Illinois,Stark,17175,43.8
Illinois,Stephenson,17177,43.1
Illinois,Tazewell,17179,39.8
Illinois,Union,17181,42.9
Illinois,Vermilion,17183,39.8
Illinois,Wabash,17185,42.0
Illinois,Warren,17187,39.6
Illinois,Washington,17189,42.3
Illinois,Wayne,17191,42.9
Illinois,White,17193,45.2
Illinois,Whiteside,17195,41.8
Illinois,Will,17197,35.4
Illinois,Williamson,17199,40.1
Illinois,Winnebago,17201,38.3
Illinois,Woodford,17203,39.6
Indiana,Adams,18001,34.0
Indiana,Allen,18003,35.3
Indiana,Bartholomew,18005,38.2
Indiana,Benton,18007,40.1
Indiana,Blackford,18009,42.4
Indiana,Boone,18011,38.6
Indiana,Brown,18013,46.7
Indiana,Carroll,18015,40.9
Indiana,Cass,18017,38.7
Indiana,Clark,18019,37.9
Indiana,Clay,18021,39.9
Indiana,Clinton,18023,37.5
Indiana,Crawford,18025,41.8
Indiana,Daviess,18027,35.4
Indiana,Dearborn,18029,40.0
Indiana,Decatur,18031,38.7
Indiana,DeKalb,18033,38.1
Indiana,Delaware,18035,34.8
Indiana,Dubois,18037,39.9
Indiana,Elkhart,18039,34.9
Indiana,Fayette,18041,40.8
Indiana,Floyd,18043,39.1
Indiana,Fountain,18045,41.6
Indiana,Franklin,18047,40.0
Indiana,Fulton,18049,40.3
Indiana,Gibson,18051,39.9
Indiana,Grant,18053,39.5
Indiana,Greene,18055,41.1
Indiana,Hamilton,18057,35.6
Indiana,Hancock,18059,39.1
Indiana,Harrison,18061,40.2
Indiana,Hendricks,18063,36.7
Indiana,Henry,18065,41.4
Indiana,Howard,18067,40.7
Indiana,Huntington,18069,39.0
Indiana,Jackson,18071,38.7
Indiana,Jasper,18073,38.0
Indiana,Jay,18075,39.0
Indiana,Jefferson,18077,39.7
Indiana,Jennings,18079,38.4
Indiana,Johnson,18081,36.8
Indiana,Knox,18083,38.5
Indiana,Kosciusko,18085,37.7
Indiana,LaGrange,18087,30.4
Indiana,Lake,18089,37.4
Indiana,LaPorte,18091,39.6
Indiana,Lawrence,18093,41.6
Indiana,Madison,18095,39.2
Indiana,Marion,18097,33.9
Indiana,Marshall,18099,38.4
Indiana,Martin,18101,41.8
Indiana,Miami,18103,39.5
Indiana,Monroe,18105,27.7
Indiana,Montgomery,18107,39.4
Indiana,Morgan,18109,39.9
Indiana,Newton,18111,42.4
Indiana,Noble,18113,37.1
Indiana,Ohio,18115,43.7
Indiana,Orange,18117,40.8
Indiana,Owen,18119,42.4
Indiana,Parke,18121,41.3
Indiana,Perry,18123,40.4
Indiana,Pike,18125,42.8
Indiana,Porter,18127,38.4
Indiana,Posey,18129,41.6
Indiana,Pulaski,18131,41.7
Indiana,Putnam,18133,37.9
Indiana,Randolph,18135,40.8
Indiana,Ripley,18137,39.2
Indiana,Rush,18139,40.6
Indiana,St. Joseph,18141,36.2
Indiana,Scott,18143,39.3
Indiana,Shelby,18145,39.9
Indiana,Spencer,18147,41.9
Indiana,Starke,18149,40.4
Indiana,Steuben,18151,40.2
Indiana,Sullivan,18153,39.8
Indiana,Switzerland,18155,39.1
Indiana,Tippecanoe,18157,27.7
Indiana,Tipton,18159,42.6
Indiana,Union,18161,40.3
Indiana,Vanderburgh,18163,37.5
Indiana,Vermillion,18165,41.9
Indiana,Vigo,18167,36.1
Indiana,Wabash,18169,41.2
Indiana,Warren,18171,42.4
Indiana,Warrick,18173,39.7
Indiana,Washington,18175,39.2
Indiana,Wayne,18177,40.2
Indiana,Wells,18179,40.2
Indiana,White,18181,41.9
Indiana,Whitley,18183,40.1
Iowa,Adair,19001,45.3
Iowa,Adams,19003,46.7
Iowa,Allamakee,19005,44.0
Iowa,Appanoose,19007,44.2
Iowa,Audubon,19009,47.0
Iowa,Benton,19011,40.9
Iowa,Black Hawk,19013,34.4
Iowa,Boone,19015,40.8
Iowa,Bremer,19017,39.3
Iowa,Buchanan,19019,39.0
Iowa,Buena Vista,19021,37.1
Iowa,Butler,19023,43.8
Iowa,Calhoun,19025,47.8
Iowa,Carroll,19027,42.3
Iowa,Cass,19029,45.1
Iowa,Cedar,19031,42.4
Iowa,Cerro Gordo,19033,43.3
Iowa,Cherokee,19035,47.0
Iowa,Chickasaw,19037,43.7
Iowa,Clarke,19039,40.2
Iowa,Clay,19041,42.5
Iowa,Clayton,19043,45.0
Iowa,Clinton,19045,41.4
Iowa,Crawford,19047,38.4
Iowa,Dallas,19049,34.3
Iowa,Davis,19051,38.6
Iowa,Decatur,19053,38.2
Iowa,Delaware,19055,42.1
Iowa,Des Moines,19057,41.5
Iowa,Dickinson,19059,48.1
Iowa,Dubuque,19061,38.6
Iowa,Emmet,19063,41.0
Iowa,Fayette,19065,43.2
Iowa,Floyd,19067,43.3
Iowa,Franklin,19069,42.8
Iowa,Fremont,19071,45.1
Iowa,Greene,19073,45.6
Iowa,Grundy,19075,43.0
Iowa,Guthrie,19077,44.8
Iowa,Hamilton,19079,42.3
Iowa,Hancock,19081,44.8
Iowa,Hardin,19083,43.7
Iowa,Harrison,19085,42.9
Iowa,Henry,19087,40.2
Iowa,Howard,19089,42.1
Iowa,Humboldt,19091,44.3
Iowa,Ida,19093,44.8
Iowa,Iowa,19095,42.4
Iowa,Jackson,19097,44.0
Iowa,Jasper,19099,41.6
Iowa,Jefferson,19101,43.5
Iowa,Johnson,19103,29.3
Iowa,Jones,19105,42.7
Iowa,Keokuk,19107,43.8
Iowa,Kossuth,19109,46.6
Iowa,Lee,19111,42.6
Iowa,Linn,19113,36.5
Iowa,Louisa,19115,39.8
Iowa,Lucas,19117,44.1
Iowa,Lyon,19119,38.7
Iowa,Madison,19121,39.8
Iowa,Mahaska,19123,38.9
Iowa,Marion,19125,38.6
Iowa,Marshall,19127,39.6
Iowa,Mills,19129,41.2
Iowa,Mitchell,19131,44.0
Iowa,Monona,19133,47.5
Iowa,Monroe,19135,42.1
Iowa,Montgomery,19137,44.6
Iowa,Muscatine,19139,38.2
Iowa,O'Brien,19141,43.6
Iowa,Osceola,19143,43.5
Iowa,Page,19145,43.7
Iowa,Palo Alto,19147,43.9
Iowa,Plymouth,19149,41.2
Iowa,Pocahontas,19151,47.6
Iowa,Polk,19153,34.7
Iowa,Pottawattamie,19155,38.5
Iowa,Poweshiek,19157,41.0
Iowa,Ringgold,19159,45.6
Iowa,Sac,19161,46.6
Iowa,Scott,19163,37.7
Iowa,Shelby,19165,45.4
Iowa,Sioux,19167,32.7
Iowa,Story,19169,26.7
Iowa,Tama,19171,41.8
Iowa,Taylor,19173,44.6
Iowa,Union,19175,40.9
Iowa,Van Buren,19177,43.3
Iowa,Wapello,19179,39.8
Iowa,Warren,19181,38.3
Iowa,Washington,19183,41.6
Iowa,Wayne,19185,45.3
Iowa,Webster,19187,40.0
Iowa,Winnebago,19189,43.5
Iowa,Winneshiek,19191,39.4
Iowa,Woodbury,19193,35.1
Iowa,Worth,19195,43.8
Iowa,Wright,19197,44.4
Kansas,Allen,20001,40.8
Kansas,Anderson,20003,42.1
Kansas,Atchison,20005,36.3
Kansas,Barber,20007,45.8
Kansas,Barton,20009,39.7
Kansas,Bourbon,20011,38.2
Kansas,Brown,20013,41.9
Kansas,Butler,20015,37.2
Kansas,Chase,20017,45.6
Kansas,Chautauqua,20019,48.2
Kansas,Cherokee,20021,40.5
Kansas,Cheyenne,20023,50.0
Kansas,Clark,20025,44.9
Kansas,Clay,20027,43.3
Kansas,Cloud,20029,42.2
Kansas,Coffey,20031,43.0
Kansas,Comanche,20033,47.4
Kansas,Cowley,20035,38.5
Kansas,Crawford,20037,32.6
Kansas,Decatur,20039,51.4
Kansas,Dickinson,20041,41.4
Kansas,Doniphan,20043,39.6
Kansas,Douglas,20045,28.4
Kansas,Edwards,20047,44.8
Kansas,Elk,20049,48.8
Kansas,Ellis,20051,32.2
Kansas,Ellsworth,20053,44.3
Kansas,Finney,20055,30.2
Kansas,Ford,20057,30.4
Kansas,Franklin,20059,38.1
Kansas,Geary,20061,27.7
Kansas,Gove,20063,48.3
Kansas,Graham,20065,49.4
Kansas,Grant,20067,32.8
Kansas,Gray,20069,34.7
Kansas,Greeley,20071,46.6
Kansas,Greenwood,20073,46.7
Kansas,Hamilton,20075,33.5
Kansas,Harper,20077,44.1
Kansas,Harvey,20079,38.9
Kansas,Haskell,20081,34.3
Kansas,Hodgeman,20083,46.1
Kansas,Jackson,20085,40.7
Kansas,Jefferson,20087,42.6
Kansas,Jewell,20089,52.5
Kansas,Johnson,20091,36.4
Kansas,Kearny,20093,35.5
Kansas,Kingman,20095,44.5
Kansas,Kiowa,20097,41.9
Kansas,Labette,20099,40.5
Kansas,Lane,20101,46.1
Kansas,Leavenworth,20103,37.4
Kansas,Lincoln,20105,46.4
Kansas,Linn,20107,44.8
Kansas,Logan,20109,44.9
Kansas,Lyon,20111,32.5
Kansas,McPherson,20113,41.4
Kansas,Marion,20115,44.6
Kansas,Marshall,20117,45.2
Kansas,Meade,20119,38.8
Kansas,Miami,20121,39.5
Kansas,Mitchell,20123,45.6
Kansas,Montgomery,20125,39.9
Kansas,Morris,20127,47.2
Kansas,Morton,20129,38.9
Kansas,Nemaha,20131,42.5
Kansas,Neosho,20133,40.2
Kansas,Ness,20135,48.2
Kansas,Norton,20137,43.5
Kansas,Osage,20139,42.8
Kansas,Osborne,20141,48.2
Kansas,Ottawa,20143,42.7
Kansas,Pawnee,20145,43.2
Kansas,Phillips,20147,45.3
Kansas,Pottawatomie,20149,34.8
Kansas,Pratt,20151,40.9
Kansas,Rawlins,20153,51.3
Kansas,Reno,20155,39.9
Kansas,Republic,20157,50.6
Kansas,Rice,20159,39.3
Kansas,Riley,20161,24.3
Kansas,Rooks,20163,44.1
Kansas,Rush,20165,48.7
Kansas,Russell,20167,46.5
Kansas,Saline,20169,37.8
Kansas,Scott,20171,41.4
Kansas,Sedgwick,20173,34.2
Kansas,Seward,20175,28.9
Kansas,Shawnee,20177,38.1
Kansas,Sheridan,20179,46.9
Kansas,Sherman,20181,42.1
Kansas,Smith,20183,49.6
Kansas,Stafford,20185,45.6
Kansas,Stanton,20187,35.6
Kansas,Stevens,20189,34.4
Kansas,Sumner,20191,40.5
Kansas,Thomas,20193,36.6
Kansas,Trego,20195,49.3
Kansas,Wabaunsee,20197,42.6
Kansas,Wallace,20199,45.4
Kansas,Washington,20201,46.4
Kansas,Wichita,20203,40.3
Kansas,Wilson,20205,43.1
Kansas,Woodson,20207,48.2
Kansas,Wyandotte,20209,32.8
Kentucky,Adair,21001,39.0
Kentucky,Allen,21003,39.2
Kentucky,Anderson,21005,38.4
Kentucky,Ballard,21007,42.4
Kentucky,Barren,21009,39.7
Kentucky,Bath,21011,39.9
Kentucky,Bell,21013,41.0
Kentucky,Boone,21015,35.7
Kentucky,Bourbon,21017,40.7
Kentucky,Boyd,21019,41.8
Kentucky,Boyle,21021,40.6
Kentucky,Bracken,21023,39.2
Kentucky,Breathitt,21025,40.0
Kentucky,Breckinridge,21027,41.6
Kentucky,Bullitt,21029,38.2
Kentucky,Butler,21031,40.1
Kentucky,Caldwell,21033,42.6
Kentucky,Calloway,21035,34.0
Kentucky,Campbell,21037,37.0
Kentucky,Carlisle,21039,42.9
Kentucky,Carroll,21041,37.6
Kentucky,Carter,21043,39.3
Kentucky,Casey,21045,40.6
Kentucky,Christian,21047,28.9
Kentucky,Clark,21049,39.8
Kentucky,Clay,21051,37.7
Kentucky,Clinton,21053,41.6
Kentucky,Crittenden,21055,42.6
Kentucky,Cumberland,21057,43.8
Kentucky,Daviess,21059,38.8
Kentucky,Edmonson,21061,41.3
Kentucky,Elliott,21063,39.9
Kentucky,Estill,21065,41.3
Kentucky,Fayette,21067,33.7
Kentucky,Fleming,21069,40.1
Kentucky,Floyd,21071,39.9
Kentucky,Franklin,21073,39.8
Kentucky,Fulton,21075,42.8
Kentucky,Gallatin,21077,37.4
Kentucky,Garrard,21079,41.2
Kentucky,Grant,21081,35.3
Kentucky,Graves,21083,39.8
Kentucky,Grayson,21085,39.7
Kentucky,Green,21087,42.6
Kentucky,Greenup,21089,42.0
Kentucky,Hancock,21091,39.5
Kentucky,Hardin,21093,35.0
Kentucky,Harlan,21095,40.5
Kentucky,Harrison,21097,40.7
Kentucky,Hart,21099,40.1
Kentucky,Henderson,21101,39.8
Kentucky,Henry,21103,40.6
Kentucky,Hickman,21105,44.8
Kentucky,Hopkins,21107,40.4
Kentucky,Jackson,21109,39.5
Kentucky,Jefferson,21111,37.9
Kentucky,Jessamine,21113,35.8
Kentucky,Johnson,21115,40.4
Kentucky,Kenton,21117,36.0
Kentucky,Knott,21119,40.5
Kentucky,Knox,21121,38.5
Kentucky,Larue,21123,40.2
Kentucky,Laurel,21125,38.4
Kentucky,Lawrence,21127,40.1
Kentucky,Lee,21129,40.9
Kentucky,Leslie,21131,41.1
Kentucky,Letcher,21133,40.9
Kentucky,Lewis,21135,40.3
Kentucky,Lincoln,21137,39.5
Kentucky,Livingston,21139,44.9
Kentucky,Logan,21141,40.2
Kentucky,Lyon,21143,47.9
Kentucky,McCracken,21145,41.8
Kentucky,McCreary,21147,37.9
Kentucky,McLean,21149,41.5
Kentucky,Madison,21151,33.7
Kentucky,Magoffin,21153,39.1
Kentucky,Marion,21155,37.8
Kentucky,Marshall,21157,44.3
Kentucky,Martin,21159,37.3
Kentucky,Mason,21161,40.3
Kentucky,Meade,21163,35.0
Kentucky,Menifee,21165,40.6
Kentucky,Mercer,21167,41.7
Kentucky,Metcalfe,21169,40.7
Kentucky,Monroe,21171,42.1
Kentucky,Montgomery,21173,38.0
Kentucky,Morgan,21175,38.6
Kentucky,Muhlenberg,21177,40.9
Kentucky,Nelson,21179,37.7
Kentucky,Nicholas,21181,40.5
Kentucky,Ohio,21183,39.1
Kentucky,Oldham,21185,39.0
Kentucky,Owen,21187,40.1
Kentucky,Owsley,21189,42.2
Kentucky,Pendleton,21191,39.5
Kentucky,Perry,21193,40.2
Kentucky,Pike,21195,40.3
Kentucky,Powell,21197,38.7
Kentucky,Pulaski,21199,41.1
Kentucky,Robertson,21201,43.9
Kentucky,Rockcastle,21203,40.6
Kentucky,Rowan,21205,31.7
Kentucky,Russell,21207,42.2
Kentucky,Scott,21209,35.0
Kentucky,Shelby,21211,38.3
Kentucky,Simpson,21213,39.3
Kentucky,Spencer,21215,38.9
Kentucky,Taylor,21217,39.4
Kentucky,Todd,21219,37.1
Kentucky,Trigg,21221,44.2
Kentucky,Trimble,21223,39.5
Kentucky,Union,21225,36.3
Kentucky,Warren,21227,32.7
Kentucky,Washington,21229,40.7
Kentucky,Wayne,21231,41.1
Kentucky,Webster,21233,40.1
Kentucky,Whitley,21235,38.1
Kentucky,Wolfe,21237,40.9
Kentucky,Woodford,21239,41.0
Louisiana,Acadia,22001,35.7
Louisiana,Allen,22003,37.4
Louisiana,Ascension,22005,34.3
Louisiana,Assumption,22007,38.9
Louisiana,Avoyelles,22009,38.1
Louisiana,Beauregard,22011,36.6
Louisiana,Bienville,22013,41.8
Louisiana,Bossier,22015,34.7
Louisiana,Caddo,22017,36.4
Louisiana,Calcasieu,22019,35.9
Louisiana,Caldwell,22021,39.6
Louisiana,Cameron,22023,39.9
Louisiana,Catahoula,22025,38.8
Louisiana,Claiborne,22027,40.7
Louisiana,Concordia,22029,37.7
Louisiana,De Soto,22031,39.7
Louisiana,East Baton Rouge,22033,32.6
Louisiana,East Carroll,22035,34.3
Louisiana,East Feliciana,22037,41.1
Louisiana,Evangeline,22039,35.9
Louisiana,Franklin,22041,38.8
Louisiana,Grant,22043,36.8
Louisiana,Iberia,22045,35.6
Louisiana,Iberville,22047,37.9
Louisiana,Jackson,22049,39.6
Louisiana,Jefferson,22051,38.4
Louisiana,Jefferson Davis,22053,37.7
Louisiana,Lafayette,22055,33.2
Louisiana,Lafourche,22057,36.5
Louisiana,La Salle,22059,37.9
Louisiana,Lincoln,22061,27.8
Louisiana,Livingston,22063,34.4
Louisiana,Madison,22065,34.6
Louisiana,Morehouse,22067,39.1
Louisiana,Natchitoches,22069,33.3
Louisiana,Orleans,22071,34.6
Louisiana,Ouachita,22073,34.1
Louisiana,Plaquemines,22075,36.3
Louisiana,Pointe Coupee,22077,41.4
Louisiana,Rapides,22079,36.9
Louisiana,Red River,22081,38.8
Louisiana,Richland,22083,37.6
Louisiana,Sabine,22085,40.7
Louisiana,St. Bernard,22087,32.9
Louisiana,St. Charles,22089,36.5
Louisiana,St. Helena,22091,39.5
Louisiana,St. James,22093,37.9
Louisiana,St. John the Baptist,22095,35.5
Louisiana,St. Landry,22097,36.8
Louisiana,St. Martin,22099,36.3
Louisiana,St. Mary,22101,37.5
Louisiana,St. Tammany,22103,39.3
Louisiana,Tangipahoa,22105,33.6
Louisiana,Tensas,22107,42.5
Louisiana,Terrebonne,22109,35.0
Louisiana,Union,22111,41.0
Louisiana,Vermilion,22113,36.4
Louisiana,Vernon,22115,29.6
Louisiana,Washington,22117,38.7
Louisiana,Webster,22119,40.3
Louisiana,West Baton Rouge,22121,35.8
Louisiana,West Carroll,22123,39.4
Louisiana,West Feliciana,22125,41.9
Louisiana,Winn,22127,39.5
Maine,Androscoggin,23001,39.8
Maine,Aroostook,23003,45.3
Maine,Cumberland,23005,41.0
Maine,Franklin,23007,43.4
Maine,Hancock,23009,46.3
Maine,Kennebec,23011,42.8
Maine,Knox,23013,46.2
Maine,Lincoln,23015,48.1
Maine,Oxford,23017,44.6
Maine,Penobscot,23019,39.9
Maine,Piscataquis,23021,48.1
Maine,Sagadahoc,23023,44.1
Maine,Somerset,23025,43.6
Maine,Waldo,23027,44.1
Maine,Washington,23029,46.1
Maine,York,23031,43.0
Maryland,Allegany,24001,40.9
Maryland,Anne Arundel,24003,38.4
Maryland,Baltimore,24005,39.1
Maryland,Calvert,24009,40.1
Maryland,Caroline,24011,38.7
Maryland,Carroll,24013,41.1
Maryland,Cecil,24015,38.9
Maryland,Charles,24017,37.4
Maryland,Dorchester,24019,43.3
Maryland,Frederick,24021,38.6
Maryland,Garrett,24023,42.7
Maryland,Harford,24025,39.4
Maryland,Howard,24027,38.4
Maryland,Kent,24029,45.6
Maryland,Montgomery,24031,38.5
Maryland,Prince George's,24033,34.9
Maryland,Queen Anne's,24035,42.6
Maryland,St. Mary's,24037,36.0
Maryland,Somerset,24039,36.5
Maryland,Talbot,24041,47.4
Maryland,Washington,24043,39.7
Maryland,Wicomico,24045,35.7
Maryland,Worcester,24047,48.1
Maryland,Baltimore city,24510,34.4
Massachusetts,Barnstable,25001,49.9
Massachusetts,Berkshire,25003,44.7
Massachusetts,Bristol,25005,39.8
Massachusetts,Dukes,25007,45.3
Massachusetts,Essex,25009,40.4
Massachusetts,Franklin,25011,44.2
Massachusetts,Hampden,25013,38.6
Massachusetts,Hampshire,25015,36.6
Massachusetts,Middlesex,25017,38.5
Massachusetts,Nantucket,25019,39.4
Massachusetts,Norfolk,25021,40.7
Massachusetts,Plymouth,25023,41.1
Massachusetts,Suffolk,25025,31.5
Massachusetts,Worcester,25027,39.2
Michigan,Alcona,26001,55.2
Michigan,Alger,26003,47.3
Michigan,Allegan,26005,39.2
Michigan,Alpena,26007,45.6
Michigan,Antrim,26009,47.4
Michigan,Arenac,26011,46.7
Michigan,Baraga,26013,42.9
Michigan,Barry,26015,41.2
Michigan,Bay,26017,41.7
Michigan,Benzie,26019,46.2
Michigan,Berrien,26021,41.0
Michigan,Branch,26023,39.8
Michigan,Calhoun,26025,39.2
Michigan,Cass,26027,42.6
Michigan,Charlevoix,26029,45.5
Michigan,Cheboygan,26031,47.1
Michigan,Chippewa,26033,39.5
Michigan,Clare,26035,45.3
Michigan,Clinton,26037,38.4
Michigan,Crawford,26039,47.7
Michigan,Delta,26041,45.6
Michigan,Dickinson,26043,45.4
Michigan,Eaton,26045,40.3
Michigan,Emmet,26047,43.1
Michigan,Genesee,26049,38.5
Michigan,Gladwin,26051,47.7
Michigan,Gogebic,26053,46.8
Michigan,Grand Traverse,26055,41.3
Michigan,Gratiot,26057,38.7
Michigan,Hillsdale,26059,40.5
Michigan,Houghton,26061,33.1
Michigan,Huron,26063,46.8
Michigan,Ingham,26065,31.4
Michigan,Ionia,26067,37.0
Michigan,Iosco,26069,51.0
Michigan,Iron,26071,51.9
Michigan,Isabella,26073,25.1
Michigan,Jackson,26075,39.7
Michigan,Kalamazoo,26077,34.1
Michigan,Kalkaska,26079,43.0
Michigan,Kent,26081,34.4
Michigan,Keweenaw,26083,51.6
Michigan,Lake,26085,50.1
Michigan,Lapeer,26087,41.6
Michigan,Leelanau,26089,50.3
Michigan,Lenawee,26091,40.0
Michigan,Livingston,26093,40.9
Michigan,Luce,26095,43.0
Michigan,Mackinac,26097,49.0
Michigan,Macomb,26099,39.9
Michigan,Manistee,26101,47.1
Michigan,Marquette,26103,39.4
Michigan,Mason,26105,45.1
Michigan,Mecosta,26107,34.0
Michigan,Menominee,26109,46.2
Michigan,Midland,26111,40.4
Michigan,Missaukee,26113,42.8
Michigan,Monroe,26115,40.3
Michigan,Montcalm,26117,39.3
Michigan,Montmorency,26119,52.3
Michigan,Muskegon,26121,38.2
Michigan,Newaygo,26123,40.9
Michigan,Oakland,26125,40.2
Michigan,Oceana,26127,41.8
Michigan,Ogemaw,26129,47.6
Michigan,Ontonagon,26131,52.7
Michigan,Osceola,26133,41.8
Michigan,Oscoda,26135,49.7
Michigan,Otsego,26137,43.2
Michigan,Ottawa,26139,34.5
Michigan,Presque Isle,26141,51.7
Michigan,Roscommon,26143,53.3
Michigan,Saginaw,26145,39.5
Michigan,St. Clair,26147,41.3
Michigan,St. Joseph,26149,38.7
Michigan,Sanilac,26151,42.8
Michigan,Schoolcraft,26153,48.3
Michigan,Shiawassee,26155,40.3
Michigan,Tuscola,26157,41.7
Michigan,Van Buren,26159,39.8
Michigan,Washtenaw,26161,33.3
Michigan,Wayne,26163,37.3
Michigan,Wexford,26165,40.9
Minnesota,Aitkin,27001,51.7
Minnesota,Anoka,27003,37.1
Minnesota,Becker,27005,42.2
Minnesota,Beltrami,27007,33.2
Minnesota,Benton,27009,34.1
Minnesota,Big Stone,27011,48.5
Minnesota,Blue Earth,27013,29.8
Minnesota,Brown,27015,43.3
Minnesota,Carlton,27017,40.5
Minnesota,Carver,27019,36.3
Minnesota,Cass,27021,46.9
Minnesota,Chippewa,27023,43.1
Minnesota,Chisago,27025,39.0
Minnesota,Clay,27027,31.6
Minnesota,Clearwater,27029,41.9
Minnesota,Cook,27031,49.8
Minnesota,Cottonwood,27033,44.2
Minnesota,Crow Wing,27035,42.4
Minnesota,Dakota,27037,36.8
Minnesota,Dodge,27039,36.4
Minnesota,Douglas,27041,43.1
Minnesota,Faribault,27043,46.0
Minnesota,Fillmore,27045,42.8
Minnesota,Freeborn,27047,44.2
Minnesota,Goodhue,27049,41.9
Minnesota,Grant,27051,46.5
Minnesota,Hennepin,27053,35.9
Minnesota,Houston,27055,43.8
Minnesota,Hubbard,27057,46.4
Minnesota,Isanti,27059,37.6
Minnesota,Itasca,27061,45.4
Minnesota,Jackson,27063,44.1
Minnesota,Kanabec,27065,42.1
Minnesota,Kandiyohi,27067,39.5
Minnesota,Kittson,27069,48.2
Minnesota,Koochiching,27071,46.4
Minnesota,Lac qui Parle,27073,48.9
Minnesota,Lake,27075,48.3
Minnesota,Lake of the Woods,27077,48.7
Minnesota,Le Sueur,27079,39.8
Minnesota,Lincoln,27081,46.2
Minnesota,Lyon,27083,34.1
Minnesota,McLeod,27085,39.1
Minnesota,Mahnomen,27087,37.4
Minnesota,Marshall,27089,44.1
Minnesota,Martin,27091,45.5
Minnesota,Meeker,27093,41.2
Minnesota,Mille Lacs,27095,39.4
Minnesota,Morrison,27097,40.6
Minnesota,Mower,27099,39.2
Minnesota,Murray,27101,46.8
Minnesota,Nicollet,27103,34.1
Minnesota,Nobles,27105,37.5
Minnesota,Norman,27107,45.2
Minnesota,Olmsted,27109,36.3
Minnesota,Otter Tail,27111,46.3
Minnesota,Pennington,27113,38.9
Minnesota,Pine,27115,41.6
Minnesota,Pipestone,27117,42.3
Minnesota,Polk,27119,39.8
Minnesota,Pope,27121,45.9
Minnesota,Ramsey,27123,34.6
Minnesota,Red Lake,27125,41.9
Minnesota,Redwood,27127,42.6
Minnesota,Renville,27129,44.2
Minnesota,Rice,27131,35.0
Minnesota,Rock,27133,41.4
Minnesota,Roseau,27135,40.7
Minnesota,St. Louis,27137,40.8
Minnesota,Scott,27139,34.8
Minnesota,Sherburne,27141,33.9
Minnesota,Sibley,27143,40.3
Minnesota,Stearns,27145,33.3
Minnesota,Steele,27147,38.5
Minnesota,Stevens,27149,33.9
Minnesota,Swift,27151,44.4
Minnesota,Todd,27153,41.9
Minnesota,Traverse,27155,47.6
Minnesota,Wabasha,27157,42.8
Minnesota,Wadena,27159,43.3
Minnesota,Waseca,27161,39.3
Minnesota,Washington,27163,38.3
Minnesota,Watonwan,27165,41.2
Minnesota,Wilkin,27167,43.5
Minnesota,Winona,27169,33.1
Minnesota,Wright,27171,34.6
Minnesota,Yellow Medicine,27173,42.9
Mississippi,Adams,28001,41.1
Mississippi,Alcorn,28003,39.2
Mississippi,Amite,28005,43.7
Mississippi,Attala,28007,39.6
Mississippi,Benton,28009,39.4
Mississippi,Bolivar,28011,34.0
Mississippi,Calhoun,28013,39.7
Mississippi,Carroll,28015,43.3
Mississippi,Chickasaw,28017,37.7
Mississippi,Choctaw,28019,41.9
Mississippi,Claiborne,28021,33.3
Mississippi,Clarke,28023,40.5
Mississippi,Clay,28025,37.8
Mississippi,Coahoma,28027,32.8
Mississippi,Copiah,28029,36.7
Mississippi,Covington,28031,37.6
Mississippi,DeSoto,28033,35.0
Mississippi,Forrest,28035,31.3
Mississippi,Franklin,28037,40.1
Mississippi,George,28039,36.4
Mississippi,Greene,28041,36.6
Mississippi,Grenada,28043,39.4
Mississippi,Hancock,28045,40.7
Mississippi,Harrison,28047,35.3
Mississippi,Hinds,28049,33.1
Mississippi,Holmes,28051,32.8
Mississippi,Humphreys,28053,34.4
Mississippi,Issaquena,28055,38.4
Mississippi,Itawamba,28057,38.5
Mississippi,Jackson,28059,37.2
Mississippi,Jasper,28061,40.6
Mississippi,Jefferson,28063,37.6
Mississippi,Jefferson Davis,28065,41.0
Mississippi,Jones,28067,36.8
Mississippi,Kemper,28069,38.5
Mississippi,Lafayette,28071,27.7
Mississippi,Lamar,28073,33.0
Mississippi,Lauderdale,28075,37.0
Mississippi,Lawrence,28077,38.9
Mississippi,Leake,28079,33.2
Mississippi,Lee,28081,36.4
Mississippi,Leflore,28083,32.8
Mississippi,Lincoln,28085,37.8
Mississippi,Lowndes,28087,36.0
Mississippi,Madison,28089,35.8
Mississippi,Marion,28091,37.7
Mississippi,Marshall,28093,38.3
Mississippi,Monroe,28095,39.5
Mississippi,Montgomery,28097,41.4
Mississippi,Neshoba,28099,35.3
Mississippi,Newton,28101,37.1
Mississippi,Noxubee,28103,36.3
Mississippi,Oktibbeha,28105,25.4
Mississippi,Panola,28107,36.5
Mississippi,Pearl River,28109,38.9
Mississippi,Perry,28111,38.7
Mississippi,Pike,28113,36.9
Mississippi,Pontotoc,28115,36.4
Mississippi,Prentiss,28117,38.5
Mississippi,Quitman,28119,37.3
Mississippi,Rankin,28121,36.2
Mississippi,Scott,28123,34.9
Mississippi,Sharkey,28125,39.5
Mississippi,Simpson,28127,37.9
Mississippi,Smith,28129,39.1
Mississippi,Stone,28131,35.9
Mississippi,Sunflower,28133,33.5
Mississippi,Tallahatchie,28135,35.0
Mississippi,Tate,28137,36.0
Mississippi,Tippah,28139,38.0
Mississippi,Tishomingo,28141,42.0
Mississippi,Tunica,28143,32.1
Mississippi,Union,28145,37.5
Mississippi,Walthall,28147,38.0
Mississippi,Warren,28149,37.7
Mississippi,Washington,28151,35.3
Mississippi,Wayne,28153,37.2
Mississippi,Webster,28155,39.9
Mississippi,Wilkinson,28157,37.5
Mississippi,Winston,28159,39.5
Mississippi,Yalobusha,28161,40.6
Mississippi,Yazoo,28163,35.1
Missouri,Adair,29001,28.3
Missouri,Andrew,29003,41.0
Missouri,Atchison,29005,46.2
Missouri,Audrain,29007,38.5
Missouri,Barry,29009,41.8
Missouri,Barton,29011,40.3
Missouri,Bates,29013,41.3
Missouri,Benton,29015,51.5
Missouri,Bollinger,29017,42.0
Missouri,Boone,29019,29.6
Missouri,Buchanan,29021,36.9
Missouri,Butler,29023,40.6
Missouri,Caldwell,29025,41.3
Missouri,Callaway,29027,37.7
Missouri,Camden,29029,48.6
Missouri,Cape Girardeau,29031,36.4
Missouri,Carroll,29033,42.1
Missouri,Carter,29035,41.2
Missouri,Cass,29037,37.9
Missouri,Cedar,29039,44.9
Missouri,Chariton,29041,45.8
Missouri,Christian,29043,36.3
Missouri,Clark,29045,42.3
Missouri,Clay,29047,36.2
Missouri,Clinton,29049,40.8
Missouri,Cole,29051,37.7
Missouri,Cooper,29053,38.7
Missouri,Crawford,29055,40.6
Missouri,Dade,29057,45.9
Missouri,Dallas,29059,41.4
Missouri,Daviess,29061,40.1
Missouri,DeKalb,29063,39.9
Missouri,Dent,29065,43.0
Missouri,Douglas,29067,45.0
Missouri,Dunklin,29069,39.3
Missouri,Franklin,29071,39.4
Missouri,Gasconade,29073,45.0
Missouri,Gentry,29075,42.4
Missouri,Greene,29077,35.8
Missouri,Grundy,29079,41.6
Missouri,Harrison,29081,42.6
Missouri,Henry,29083,43.5
Missouri,Hickory,29085,53.0
Missouri,Holt,29087,46.6
Missouri,Howard,29089,39.2
Missouri,Howell,29091,39.6
Missouri,Iron,29093,42.7
Missouri,Jackson,29095,36.2
Missouri,Jasper,29097,35.1
Missouri,Jefferson,29099,37.8
Missouri,Johnson,29101,29.8
Missouri,Knox,29103,43.6
Missouri,Laclede,29105,39.3
Missouri,Lafayette,29107,40.6
Missouri,Lawrence,29109,39.1
Missouri,Lewis,29111,38.7
Missouri,Lincoln,29113,35.6
Missouri,Linn,29115,42.2
Missouri,Livingston,29117,41.1
Missouri,McDonald,29119,36.5
Missouri,Macon,29121,42.3
Missouri,Madison,29123,41.0
Missouri,Maries,29125,42.8
Missouri,Marion,29127,39.0
Missouri,Mercer,29129,43.5
Missouri,Miller,29131,40.2
Missouri,Mississippi,29133,39.4
Missouri,Moniteau,29135,37.8
Missouri,Monroe,29137,43.8
Missouri,Montgomery,29139,43.2
Missouri,Morgan,29141,46.1
Missouri,New Madrid,29143,40.4
Missouri,Newton,29145,39.0
Missouri,Nodaway,29147,28.5
Missouri,Oregon,29149,45.4
Missouri,Osage,29151,39.3
Missouri,Ozark,29153,48.9
Missouri,Pemiscot,29155,37.0
Missouri,Perry,29157,39.2
Missouri,Pettis,29159,37.1
Missouri,Phelps,29161,33.8
Missouri,Pike,29163,39.9
Missouri,Platte,29165,38.4
Missouri,Polk,29167,37.8
Missouri,Pulaski,29169,26.6
Missouri,Putnam,29171,45.1
Missouri,Ralls,29173,43.4
Missouri,Randolph,29175,38.0
Missouri,Ray,29177,40.6
Missouri,Reynolds,29179,44.6
Missouri,Ripley,29181,42.1
Missouri,St. Charles,29183,36.9
Missouri,St. Clair,29185,48.1
Missouri,Ste. Genevieve,29186,42.6
Missouri,St. Francois,29187,38.2
Missouri,St. Louis,29189,39.9
Missouri,Saline,29195,38.2
Missouri,Schuyler,29197,41.3
Missouri,Scotland,29199,39.1
Missouri,Scott,29201,38.9
Missouri,Shannon,29203,43.4
Missouri,Shelby,29205,42.3
Missouri,Stoddard,29207,41.1
Missouri,Stone,29209,49.9
Missouri,Sullivan,29211,40.8
Missouri,Taney,29213,40.7
Missouri,Texas,29215,42.1
Missouri,Vernon,29217,40.0
Missouri,Warren,29219,39.5
Missouri,Washington,29221,39.2
Missouri,Wayne,29223,45.8
Missouri,Webster,29225,37.5
Missouri,Worth,29227,47.4
Missouri,Wright,29229,40.7
Missouri,St. Louis city,29510,33.9
Montana,Beaverhead,30001,42.0
Montana,Big Horn,30003,30.5
Montana,Blaine,30005,35.1
Montana,Broadwater,30007,45.4
Montana,Carbon,30009,48.1
Montana,Carter,30011,50.2
Montana,Cascade,30013,38.9
Montana,Chouteau,30015,41.5
Montana,Custer,30017,42.1
Montana,Daniels,30019,50.4
Montana,Dawson,30021,43.5
Montana,Deer Lodge,30023,46.0
Montana,Fallon,30025,42.9
Montana,Fergus,30027,47.8
Montana,Flathead,30029,41.2
Montana,Gallatin,30031,32.5
Montana,Garfield,30033,46.4
Montana,Glacier,30035,31.7
Montana,Golden Valley,30037,48.8
Montana,Granite,30039,52.1
Montana,Hill,30041,35.1
Montana,Jefferson,30043,46.2
Montana,Judith Basin,30045,48.3
Montana,Lake,30047,41.3
Montana,Lewis and Clark,30049,40.9
Montana,Liberty,30051,44.6
Montana,Lincoln,30053,48.9
Montana,McCone,30055,48.9
Montana,Madison,30057,49.8
Montana,Meagher,30059,50.1
Montana,Mineral,30061,49.8
Montana,Missoula,30063,34.3
Montana,Musselshell,30065,49.1
Montana,Park,30067,45.4
Montana,Petroleum,30069,47.3
Montana,Phillips,30071,46.8
Montana,Pondera,30073,42.8
Montana,Powder River,30075,49.3
Montana,Powell,30077,45.1
Montana,Prairie,30079,53.6
Montana,Ravalli,30081,46.0
Montana,Richland,30083,41.3
Montana,Roosevelt,30085,31.6
Montana,Rosebud,30087,36.5
Montana,Sanders,30089,49.8
Montana,Sheridan,30091,50.3
Montana,Silver Bow,30093,41.3
Montana,Stillwater,30095,45.7
Montana,Sweet Grass,30097,46.6
Montana,Teton,30099,45.8
Montana,Toole,30101,41.5
Montana,Treasure,30103,51.5
Montana,Valley,30105,46.4
Montana,Wheatland,30107,44.9
Montana,Wibaux,30109,49.0
Montana,Yellowstone,30111,38.3
Montana,Yellowstone National Park,30113,0.0
Nebraska,Adams,31001,37.9
Nebraska,Antelope,31003,46.6
Nebraska,Arthur,31005,41.4
Nebraska,Banner,31007,48.1
Nebraska,Blaine,31009,46.1
Nebraska,Boone,31011,45.5
Nebraska,Box Butte,31013,41.3
Nebraska,Boyd,31015,50.2
Nebraska,Brown,31017,47.9
Nebraska,Buffalo,31019,32.1
Nebraska,Burt,31021,47.1
Nebraska,Butler,31023,44.3
Nebraska,Cass,31025,41.1
Nebraska,Cedar,31027,44.4
Nebraska,Chase,31029,43.6
Nebraska,Cherry,31031,45.4
Nebraska,Cheyenne,31033,40.4
Nebraska,Clay,31035,43.2
Nebraska,Colfax,31037,34.2
Nebraska,Cuming,31039,43.7
Nebraska,Custer,31041,45.4
Nebraska,Dakota,31043,32.8
Nebraska,Dawes,31045,33.0
Nebraska,Dawson,31047,36.2
Nebraska,Deuel,31049,48.3
Nebraska,Dixon,31051,42.1
Nebraska,Dodge,31053,40.3
Nebraska,Douglas,31055,33.5
Nebraska,Dundy,31057,47.9
Nebraska,Fillmore,31059,46.3
Nebraska,Franklin,31061,48.4
Nebraska,Frontier,31063,43.1
Nebraska,Furnas,31065,47.4
Nebraska,Gage,31067,43.7
Nebraska,Garden,31069,49.8
Nebraska,Garfield,31071,50.3
Nebraska,Gosper,31073,47.1
Nebraska,Grant,31075,48.2
Nebraska,Greeley,31077,46.4
Nebraska,Hall,31079,35.8
Nebraska,Hamilton,31081,42.3
Nebraska,Harlan,31083,49.2
Nebraska,Hayes,31085,47.7
Nebraska,Hitchcock,31087,48.2
Nebraska,Holt,31089,46.1
Nebraska,Hooker,31091,50.1
Nebraska,Howard,31093,43.3
Nebraska,Jefferson,31095,46.8
Nebraska,Johnson,31097,43.3
Nebraska,Kearney,31099,43.3
Nebraska,Keith,31101,47.3
Nebraska,Keya Paha,31103,50.7
Nebraska,Kimball,31105,46.0
Nebraska,Knox,31107,46.6
Nebraska,Lancaster,31109,32.6
Nebraska,Lincoln,31111,39.2
Nebraska,Logan,31113,43.3
Nebraska,Loup,31115,48.5
Nebraska,McPherson,31117,43.6
Nebraska,Madison,31119,37.1
Nebraska,Merrick,31121,42.5
Nebraska,Morrill,31123,43.4
Nebraska,Nance,31125,45.0
Nebraska,Nemaha,31127,41.0
Nebraska,Nuckolls,31129,49.5
Nebraska,Otoe,31131,42.9
Nebraska,Pawnee,31133,49.3
Nebraska,Perkins,31135,43.9
Nebraska,Phelps,31137,42.8
Nebraska,Pierce,31139,42.2
Nebraska,Platte,31141,38.2
Nebraska,Polk,31143,45.3
Nebraska,Red Willow,31145,41.8
Nebraska,Richardson,31147,47.1
Nebraska,Rock,31149,49.9
Nebraska,Saline,31151,36.4
Nebraska,Sarpy,31153,32.9
Nebraska,Saunders,31155,41.5
Nebraska,Scotts Bluff,31157,39.0
Nebraska,Seward,31159,38.0
Nebraska,Sheridan,31161,46.1
Nebraska,Sherman,31163,47.8
Nebraska,Sioux,31165,47.8
Nebraska,Stanton,31167,38.6
Nebraska,Thayer,31169,49.2
Nebraska,Thomas,31171,46.7
Nebraska,Thurston,31173,29.4
Nebraska,Valley,31175,46.9
Nebraska,Washington,31177,40.8
Nebraska,Wayne,31179,29.2
Nebraska,Webster,31181,47.2
Nebraska,Wheeler,31183,46.1
Nebraska,York,31185,42.2
Nevada,Churchill,32001,39.0
Nevada,Clark,32003,35.5
Nevada,Douglas,32005,47.4
Nevada,Elko,32007,33.4
Nevada,Esmeralda,32009,52.9
Nevada,Eureka,32011,42.4
Nevada,Humboldt,32013,36.2
Nevada,Lander,32015,37.1
Nevada,Lincoln,32017,39.9
Nevada,Lyon,32019,40.9
Nevada,Mineral,32021,49.2
Nevada,Nye,32023,48.4
Nevada,Pershing,32027,41.0
Nevada,Storey,32029,50.5
Nevada,Washoe,32031,37.0
Nevada,White Pine,32033,40.8
Nevada,Carson City city,32510,41.7
New Hampshire,Belknap,33001,44.7
New Hampshire,Carroll,33003,48.3
New Hampshire,Cheshire,33005,40.7
New Hampshire,Coos,33007,46.4
New Hampshire,Grafton,33009,41.2
New Hampshire,Hillsborough,33011,39.3
New Hampshire,Merrimack,33013,41.4
New Hampshire,Rockingham,33015,42.2
New Hampshire,Strafford,33017,36.9
New Hampshire,Sullivan,33019,43.9
New Jersey,Atlantic,34001,39.9
New Jersey,Bergen,34003,41.1
New Jersey,Burlington,34005,40.4
New Jersey,Camden,34007,37.9
New Jersey,Cape May,34009,47.1
New Jersey,Cumberland,34011,36.5
New Jersey,Essex,34013,36.4
New Jersey,Gloucester,34015,38.7
New Jersey,Hudson,34017,34.2
New Jersey,Hunterdon,34019,43.5
New Jersey,Mercer,34021,37.8
New Jersey,Middlesex,34023,37.2
New Jersey,Monmouth,34025,41.3
New Jersey,Morris,34027,41.3
New Jersey,Ocean,34029,42.6
New Jersey,Passaic,34031,36.1
New Jersey,Salem,34033,40.8
New Jersey,Somerset,34035,40.2
New Jersey,Sussex,34037,41.8
New Jersey,Union,34039,38.0
New Jersey,Warren,34041,41.5
New Mexico,Bernalillo,35001,35.8
New Mexico,Catron,35003,55.8
New Mexico,Chaves,35005,34.7
New Mexico,Cibola,35006,36.6
New Mexico,Colfax,35007,46.7
New Mexico,Curry,35009,31.5
New Mexico,De Baca,35011,47.8
New Mexico,Dona Ana,35013,32.4
New Mexico,Eddy,35015,37.3
New Mexico,Grant,35017,45.9
New Mexico,Guadalupe,35019,40.1
New Mexico,Harding,35021,55.9
New Mexico,Hidalgo,35023,40.9
New Mexico,Lea,35025,31.9
New Mexico,Lincoln,35027,49.4
New Mexico,Los Alamos,35028,44.3
New Mexico,Luna,35029,39.5
New Mexico,McKinley,35031,30.7
New Mexico,Mora,35033,46.0
New Mexico,Otero,35035,36.5
New Mexico,Quay,35037,45.6
New Mexico,Rio Arriba,35039,39.0
New Mexico,Roosevelt,35041,29.7
New Mexico,Sandoval,35043,37.9
New Mexico,San Juan,35045,33.0
New Mexico,San Miguel,35047,40.7
New Mexico,Santa Fe,35049,43.0
New Mexico,Sierra,35051,54.5
New Mexico,Socorro,35053,36.9
New Mexico,Taos,35055,45.2
New Mexico,Torrance,35057,41.6
New Mexico,Union,35059,40.9
New Mexico,Valencia,35061,37.7
New York,Albany,36001,38.5
New York,Allegany,36003,37.8
New York,Bronx,36005,32.8
New York,Broome,36007,40.2
New York,Cattaraugus,36009,40.7
New York,Cayuga,36011,41.5
New York,Chautauqua,36013,40.9
New York,Chemung,36015,40.9
New York,Chenango,36017,42.9
New York,Clinton,36019,39.1
New York,Columbia,36021,45.3
New York,Cortland,36023,35.8
New York,Delaware,36025,45.4
New York,Dutchess,36027,40.2
New York,Erie,36029,40.4
New York,Essex,36031,44.5
New York,Franklin,36033,39.3
New York,Fulton,36035,41.8
New York,Genesee,36037,41.5
New York,Greene,36039,44.0
New York,Hamilton,36041,51.3
New York,Herkimer,36043,42.1
New York,Jefferson,36045,32.6
New York,Kings,36047,34.1
New York,Lewis,36049,40.2
New York,Livingston,36051,39.8
New York,Madison,36053,39.5
New York,Monroe,36055,38.5
New York,Montgomery,36057,40.8
New York,Nassau,36059,41.1
New York,New York,36061,36.4
New York,Niagara,36063,41.9
New York,Oneida,36065,40.8
New York,Onondaga,36067,38.6
New York,Ontario,36069,42.1
New York,Orange,36071,36.6
New York,Orleans,36073,41.0
New York,Oswego,36075,38.5
New York,Otsego,36077,40.9
New York,Putnam,36079,41.9
New York,Queens,36081,37.2
New York,Rensselaer,36083,39.2
New York,Richmond,36085,38.4
New York,Rockland,36087,36.7
New York,St. Lawrence,36089,37.5
New York,Saratoga,36091,40.9
New York,Schenectady,36093,39.8
New York,Schoharie,36095,42.5
New York,Schuyler,36097,44.2
New York,Seneca,36099,41.0
New York,Steuben,36101,41.4
New York,Suffolk,36103,39.8
New York,Sullivan,36105,41.7
New York,Tioga,36107,42.5
New York,Tompkins,36109,29.8
New York,Ulster,36111,42.0
New York,Warren,36113,44.1
New York,Washington,36115,41.7
New York,Wayne,36117,41.6
New York,Westchester,36119,40.0
New York,Wyoming,36121,40.9
New York,Yates,36123,40.7
North Carolina,Alamance,37001,38.7
North Carolina,Alexander,37003,40.8
North Carolina,Alleghany,37005,45.9
North Carolina,Anson,37007,39.5
North Carolina,Ashe,37009,45.5
North Carolina,Avery,37011,42.3
North Carolina,Beaufort,37013,43.8
North Carolina,Bertie,37015,42.9
North Carolina,Bladen,37017,41.3
North Carolina,Brunswick,37019,47.4
North Carolina,Buncombe,37021,40.6
North Carolina,Burke,37023,41.2
North Carolina,Cabarrus,37025,36.7
North Carolina,Caldwell,37027,41.3
North Carolina,Camden,37029,40.1
North Carolina,Carteret,37031,45.8
North Carolina,Caswell,37033,43.6
North Carolina,Catawba,37035,39.6
North Carolina,Chatham,37037,43.6
North Carolina,Cherokee,37039,48.1
North Carolina,Chowan,37041,44.8
North Carolina,Clay,37043,49.6
North Carolina,Cleveland,37045,40.3
North Carolina,Columbus,37047,39.8
North Carolina,Craven,37049,36.2
North Carolina,Cumberland,37051,31.0
North Carolina,Currituck,37053,41.3
North Carolina,Dare,37055,43.6
North Carolina,Davidson,37057,40.3
North Carolina,Davie,37059,42.5
North Carolina,Duplin,37061,37.8
North Carolina,Durham,37063,33.2
North Carolina,Edgecombe,37065,39.6
North Carolina,Forsyth,37067,37.2
North Carolina,Franklin,37069,39.1
North Carolina,Gaston,37071,38.9
North Carolina,Gates,37073,42.0
North Carolina,Graham,37075,44.3
North Carolina,Granville,37077,39.8
North Carolina,Greene,37079,37.7
North Carolina,Guilford,37081,36.3
North Carolina,Halifax,37083,41.7
North Carolina,Harnett,37085,33.5
North Carolina,Haywood,37087,45.6
North Carolina,Henderson,37089,45.4
North Carolina,Hertford,37091,41.0
North Carolina,Hoke,37093,30.9
North Carolina,Hyde,37095,41.2
North Carolina,Iredell,37097,38.9
North Carolina,Jackson,37099,36.3
North Carolina,Johnston,37101,36.3
North Carolina,Jones,37103,44.1
North Carolina,Lee,37105,37.4
North Carolina,Lenoir,37107,41.0
North Carolina,Lincoln,37109,40.4
North Carolina,McDowell,37111,41.6
North Carolina,Macon,37113,47.8
North Carolina,Madison,37115,43.3
North Carolina,Martin,37117,44.0
North Carolina,Mecklenburg,37119,33.9
North Carolina,Mitchell,37121,45.7
North Carolina,Montgomery,37123,40.2
North Carolina,Moore,37125,45.0
North Carolina,Nash,37127,39.9
North Carolina,New Hanover,37129,37.3
North Carolina,Northampton,37131,45.5
North Carolina,Onslow,37133,25.7
North Carolina,Orange,37135,33.1
North Carolina,Pamlico,37137,48.3
North Carolina,Pasquotank,37139,36.6
North Carolina,Pender,37141,41.1
North Carolina,Perquimans,37143,46.4
North Carolina,Person,37145,41.4
North Carolina,Pitt,37147,31.0
North Carolina,Polk,37149,49.1
North Carolina,Randolph,37151,39.5
North Carolina,Richmond,37153,38.7
North Carolina,Robeson,37155,34.4
North Carolina,Rockingham,37157,42.2
North Carolina,Rowan,37159,39.1
North Carolina,Rutherford,37161,42.5
North Carolina,Sampson,37163,38.2
North Carolina,Scotland,37165,38.4
North Carolina,Stanly,37167,40.5
North Carolina,Stokes,37169,42.8
North Carolina,Surry,37171,41.2
North Carolina,Swain,37173,40.8
North Carolina,Transylvania,37175,48.8
North Carolina,Tyrrell,37177,41.4
North Carolina,Union,37179,36.2
North Carolina,Vance,37181,38.6
North Carolina,Wake,37183,34.4
North Carolina,Warren,37185,44.9
North Carolina,Washington,37187,44.0
North Carolina,Watauga,37189,28.4
North Carolina,Wayne,37191,36.6
North Carolina,Wilkes,37193,42.4
North Carolina,Wilson,37195,38.7
North Carolina,Yadkin,37197,41.4
North Carolina,Yancey,37199,45.5
North Dakota,Adams,38001,49.5
North Dakota,Barnes,38003,44.3
North Dakota,Benson,38005,31.6
North Dakota,Billings,38007,48.6
North Dakota,Bottineau,38009,48.0
North Dakota,Bowman,38011,46.9
North Dakota,Burke,38013,48.1
North Dakota,Burleigh,38015,37.3
North Dakota,Cass,38017,31.5
North Dakota,Cavalier,38019,50.3
North Dakota,Dickey,38021,43.0
North Dakota,Divide,38023,51.4
North Dakota,Dunn,38025,44.4
North Dakota,Eddy,38027,49.2
North Dakota,Emmons,38029,50.5
North Dakota,Foster,38031,46.7
North Dakota,Golden Valley,38033,45.9
North Dakota,Grand Forks,38035,29.7
North Dakota,Grant,38037,51.7
North Dakota,Griggs,38039,51.9
North Dakota,Hettinger,38041,49.4
North Dakota,Kidder,38043,47.2
North Dakota,LaMoure,38045,49.2
North Dakota,Logan,38047,49.8
North Dakota,McHenry,38049,46.2
North Dakota,McIntosh,38051,52.7
North Dakota,McKenzie,38053,38.0
North Dakota,McLean,38055,49.1
North Dakota,Mercer,38057,46.3
North Dakota,Morton,38059,39.3
North Dakota,Mountrail,38061,37.0
North Dakota,Nelson,38063,51.5
North Dakota,Oliver,38065,47.6
North Dakota,Pembina,38067,46.7
North Dakota,Pierce,38069,46.9
North Dakota,Ramsey,38071,43.0
North Dakota,Ransom,38073,45.2
North Dakota,Renville,38075,45.4
North Dakota,Richland,38077,39.4
North Dakota,Rolette,38079,30.5
North Dakota,Sargent,38081,45.9
North Dakota,Sheridan,38083,53.4
North Dakota,Sioux,38085,26.3
North Dakota,Slope,38087,49.2
North Dakota,Stark,38089,38.3
North Dakota,Steele,38091,47.7
North Dakota,Stutsman,38093,42.0
North Dakota,Towner,38095,50.3
North Dakota,Traill,38097,42.6
North Dakota,Walsh,38099,45.9
North Dakota,Ward,38101,32.7
North Dakota,Wells,38103,51.5
North Dakota,Williams,38105,39.0
Ohio,Adams,39001,39.6
Ohio,Allen,39003,38.3
Ohio,Ashland,39005,39.3
Ohio,Ashtabula,39007,41.0
Ohio,Athens,39009,26.3
Ohio,Auglaize,39011,40.0
Ohio,Belmont,39013,43.4
Ohio,Brown,39015,39.9
Ohio,Butler,39017,36.0
Ohio,Carroll,39019,43.1
Ohio,Champaign,39021,39.7
Ohio,Clark,39023,40.5
Ohio,Clermont,39025,38.5
Ohio,Clinton,39027,38.7
Ohio,Columbiana,39029,42.3
Ohio,Coshocton,39031,40.8
Ohio,Crawford,39033,41.9
Ohio,Cuyahoga,39035,40.2
Ohio,Darke,39037,40.8
Ohio,Defiance,39039,39.4
Ohio,Delaware,39041,37.4
Ohio,Erie,39043,43.4
Ohio,Fairfield,39045,38.2
Ohio,Fayette,39047,39.4
Ohio,Franklin,39049,33.4
Ohio,Fulton,39051,39.9
Ohio,Gallia,39053,39.9
Ohio,Geauga,39055,43.3
Ohio,Greene,39057,37.2
Ohio,Guernsey,39059,40.9
Ohio,Hamilton,39061,37.1
Ohio,Hancock,39063,38.5
Ohio,Hardin,39065,34.7
Ohio,Harrison,39067,44.4
Ohio,Henry,39069,39.8
Ohio,Highland,39071,39.2
Ohio,Hocking,39073,40.9
Ohio,Holmes,39075,29.7
Ohio,Huron,39077,38.4
Ohio,Jackson,39079,39.0
Ohio,Jefferson,39081,43.9
Ohio,Knox,39083,38.3
Ohio,Lake,39085,42.3
Ohio,Lawrence,39087,40.1
Ohio,Licking,39089,39.1
Ohio,Logan,39091,39.9
Ohio,Lorain,39093,40.0
Ohio,Lucas,39095,37.0
Ohio,Madison,39097,39.1
Ohio,Mahoning,39099,42.9
Ohio,Marion,39101,39.9
Ohio,Medina,39103,40.4
Ohio,Meigs,39105,41.2
Ohio,Mercer,39107,39.4
Ohio,Miami,39109,40.6
Ohio,Monroe,39111,44.7
Ohio,Montgomery,39113,39.2
Ohio,Morgan,39115,42.4
Ohio,Morrow,39117,39.5
Ohio,Muskingum,39119,39.5
Ohio,Noble,39121,48.6
Ohio,Ottawa,39123,46.3
Ohio,Paulding,39125,40.0
Ohio,Perry,39127,38.6
Ohio,Pickaway,39129,38.5
Ohio,Pike,39131,39.2
Ohio,Portage,39133,37.4
Ohio,Preble,39135,40.9
Ohio,Putnam,39137,39.0
Ohio,Richland,39139,40.9
Ohio,Ross,39141,39.8
Ohio,Sandusky,39143,40.4
Ohio,Scioto,39145,38.8
Ohio,Seneca,39147,38.8
Ohio,Shelby,39149,37.9
Ohio,Stark,39151,41.1
Ohio,Summit,39153,40.0
Ohio,Trumbull,39155,42.8
Ohio,Tuscarawas,39157,40.9
Ohio,Union,39159,36.4
Ohio,Van Wert,39161,40.3
Ohio,Vinton,39163,39.6
Ohio,Warren,39165,37.8
Ohio,Washington,39167,43.0
Ohio,Wayne,39169,38.3
Ohio,Williams,39171,40.7
Ohio,Wood,39173,35.3
Ohio,Wyandot,39175,40.5
Oklahoma,Adair,40001,36.2
Oklahoma,Alfalfa,40003,46.0
Oklahoma,Atoka,40005,39.5
Oklahoma,Beaver,40007,40.3
Oklahoma,Beckham,40009,35.4
Oklahoma,Blaine,40011,36.3
Oklahoma,Bryan,40013,37.2
Oklahoma,Caddo,40015,37.8
Oklahoma,Canadian,40017,35.7
Oklahoma,Carter,40019,38.2
Oklahoma,Cherokee,40021,34.5
Oklahoma,Choctaw,40023,41.6
Oklahoma,Cimarron,40025,44.6
Oklahoma,Cleveland,40027,32.7
Oklahoma,Coal,40029,41.0
Oklahoma,Comanche,40031,31.3
Oklahoma,Cotton,40033,41.1
Oklahoma,Craig,40035,41.9
Oklahoma,Creek,40037,40.0
Oklahoma,Custer,40039,31.2
Oklahoma,Delaware,40041,45.2
Oklahoma,Dewey,40043,42.8
Oklahoma,Ellis,40045,43.2
Oklahoma,Garfield,40047,37.4
Oklahoma,Garvin,40049,39.9
Oklahoma,Grady,40051,38.3
Oklahoma,Grant,40053,45.8
Oklahoma,Greer,40055,40.1
Oklahoma,Harmon,40057,39.8
Oklahoma,Harper,40059,40.2
Oklahoma,Haskell,40061,39.9
Oklahoma,Hughes,40063,40.1
Oklahoma,Jackson,40065,34.6
Oklahoma,Jefferson,40067,42.4
Oklahoma,Johnston,40069,39.6
Oklahoma,Kay,40071,39.3
Oklahoma,Kingfisher,40073,38.3
Oklahoma,Kiowa,40075,43.0
Oklahoma,Latimer,40077,40.0
Oklahoma,Le Flore,40079,38.6
Oklahoma,Lincoln,40081,40.4
Oklahoma,Logan,40083,37.2
Oklahoma,Love,40085,40.7
Oklahoma,McClain,40087,38.2
Oklahoma,McCurtain,40089,38.8
Oklahoma,McIntosh,40091,47.0
Oklahoma,Major,40093,43.7
Oklahoma,Marshall,40095,43.2
Oklahoma,Mayes,40097,39.4
Oklahoma,Murray,40099,41.0
Oklahoma,Muskogee,40101,37.6
Oklahoma,Noble,40103,40.7
Oklahoma,Nowata,40105,42.0
Oklahoma,Okfuskee,40107,40.5
Oklahoma,Oklahoma,40109,34.3
Oklahoma,Okmulgee,40111,38.8
Oklahoma,Osage,40113,41.4
Oklahoma,Ottawa,40115,38.9
Oklahoma,Pawnee,40117,41.3
Oklahoma,Payne,40119,27.3
Oklahoma,Pittsburg,40121,41.2
Oklahoma,Pontotoc,40123,35.7
Oklahoma,Pottawatomie,40125,37.0
Oklahoma,Pushmataha,40127,44.3
Oklahoma,Roger Mills,40129,41.3
Oklahoma,Rogers,40131,38.3
Oklahoma,Seminole,40133,39.1
Oklahoma,Sequoyah,40135,39.0
Oklahoma,Stephens,40137,40.6
Oklahoma,Texas,40139,31.3
Oklahoma,Tillman,40141,40.9
Oklahoma,Tulsa,40143,35.2
Oklahoma,Wagoner,40145,37.2
Oklahoma,Washington,40147,41.1
Oklahoma,Washita,40149,39.0
Oklahoma,Woods,40151,34.7
Oklahoma,Woodward,40153,37.0
Oregon,Baker,41001,47.9
Oregon,Benton,41003,32.1
Oregon,Clackamas,41005,40.6
Oregon,Clatsop,41007,43.2
Oregon,Columbia,41009,41.3
Oregon,Coos,41011,47.3
Oregon,Crook,41013,45.6
Oregon,Curry,41015,53.5
Oregon,Deschutes,41017,40.2
Oregon,Douglas,41019,46.1
Oregon,Gilliam,41021,49.7
Oregon,Grant,41023,50.0
Oregon,Harney,41025,45.2
Oregon,Hood River,41027,38.0
Oregon,Jackson,41029,42.1
Oregon,Jefferson,41031,39.6
Oregon,Josephine,41033,47.3
Oregon,Klamath,41035,41.7
Oregon,Lake,41037,47.4
Oregon,Lane,41039,39.0
Oregon,Lincoln,41041,49.6
Oregon,Linn,41043,39.2
Oregon,Malheur,41045,36.2
Oregon,Marion,41047,35.1
Oregon,Morrow,41049,36.5
Oregon,Multnomah,41051,35.7
Oregon,Polk,41053,37.1
Oregon,Sherman,41055,48.2
Oregon,Tillamook,41057,47.5
Oregon,Umatilla,41059,35.7
Oregon,Union,41061,40.0
Oregon,Wallowa,41063,50.5
Oregon,Wasco,41065,41.7
Oregon,Washington,41067,35.3
Oregon,Wheeler,41069,53.0
Oregon,Yamhill,41071,36.8
Pennsylvania,Adams,42001,41.3
Pennsylvania,Allegheny,42003,41.3
Pennsylvania,Armstrong,42005,44.5
Pennsylvania,Beaver,42007,44.4
Pennsylvania,Bedford,42009,43.9
Pennsylvania,Berks,42011,39.1
Pennsylvania,Blair,42013,42.0
Pennsylvania,Bradford,42015,43.4
Pennsylvania,Bucks,42017,42.0
Pennsylvania,Butler,42019,41.5
Pennsylvania,Cambria,42021,43.8
Pennsylvania,Cameron,42023,48.2
Pennsylvania,Carbon,42025,43.9
Pennsylvania,Centre,42027,28.7
Pennsylvania,Chester,42029,39.3
Pennsylvania,Clarion,42031,39.4
Pennsylvania,Clearfield,42033,42.9
Pennsylvania,Clinton,42035,38.5
Pennsylvania,Columbia,42037,39.5
Pennsylvania,Crawford,42039,41.7
Pennsylvania,Cumberland,42041,40.3
Pennsylvania,Dauphin,42043,39.4
Pennsylvania,Delaware,42045,38.7
Pennsylvania,Elk,42047,45.1
Pennsylvania,Erie,42049,38.6
Pennsylvania,Fayette,42051,43.6
Pennsylvania,Forest,42053,43.0
Pennsylvania,Franklin,42055,40.1
Pennsylvania,Fulton,42057,41.8
Pennsylvania,Greene,42059,41.1
Pennsylvania,Huntingdon,42061,41.2
Pennsylvania,Indiana,42063,38.3
Pennsylvania,Jefferson,42065,43.0
Pennsylvania,Juniata,42067,40.9
Pennsylvania,Lackawanna,42069,41.8
Pennsylvania,Lancaster,42071,38.2
Pennsylvania,Lawrence,42073,43.6
Pennsylvania,Lebanon,42075,41.0
Pennsylvania,Lehigh,42077,39.4
Pennsylvania,Luzerne,42079,42.5
Pennsylvania,Lycoming,42081,41.1
Pennsylvania,McKean,42083,41.5
Pennsylvania,Mercer,42085,42.8
Pennsylvania,Mifflin,42087,42.5
Pennsylvania,Monroe,42089,40.3
Pennsylvania,Montgomery,42091,40.6
Pennsylvania,Montour,42093,43.9
Pennsylvania,Northampton,42095,40.9
Pennsylvania,Northumberland,42097,43.4
Pennsylvania,Perry,42099,41.1
Pennsylvania,Philadelphia,42101,33.5
Pennsylvania,Pike,42103,43.7
Pennsylvania,Potter,42105,44.9
Pennsylvania,Schuylkill,42107,43.2
Pennsylvania,Snyder,42109,39.2
Pennsylvania,Somerset,42111,44.3
Pennsylvania,Sullivan,42113,49.9
Pennsylvania,Susquehanna,42115,45.1
Pennsylvania,Tioga,42117,42.4
Pennsylvania,Union,42119,38.5
Pennsylvania,Venango,42121,44.3
Pennsylvania,Warren,42123,45.1
Pennsylvania,Washington,42125,43.6
Pennsylvania,Wayne,42127,45.9
Pennsylvania,Westmoreland,42129,45.1
Pennsylvania,Wyoming,42131,42.3
Pennsylvania,York,42133,40.1
Rhode Island,Bristol,44001,42.9
Rhode Island,Kent,44003,42.7
Rhode Island,Newport,44005,43.2
Rhode Island,Providence,44007,37.0
Rhode Island,Washington,44009,42.3
South Carolina,Abbeville,45001,41.6
South Carolina,Aiken,45003,40.0
South Carolina,Allendale,45005,38.8
South Carolina,Anderson,45007,39.7
South Carolina,Bamberg,45009,39.3
South Carolina,Barnwell,45011,38.8
South Carolina,Beaufort,45013,40.6
South Carolina,Berkeley,45015,34.5
South Carolina,Calhoun,45017,43.4
South Carolina,Charleston,45019,35.9
South Carolina,Cherokee,45021,38.3
South Carolina,Chester,45023,40.3
South Carolina,Chesterfield,45025,39.3
South Carolina,Clarendon,45027,41.4
South Carolina,Colleton,45029,40.7
South Carolina,Darlington,45031,39.6
South Carolina,Dillon,45033,36.7
South Carolina,Dorchester,45035,35.6
South Carolina,Edgefield,45037,40.3
South Carolina,Fairfield,45039,42.4
South Carolina,Florence,45041,37.6
South Carolina,Georgetown,45043,45.4
South Carolina,Greenville,45045,37.2
South Carolina,Greenwood,45047,37.9
South Carolina,Hampton,45049,38.4
South Carolina,Horry,45051,41.1
South Carolina,Jasper,45053,34.6
South Carolina,Kershaw,45055,40.2
South Carolina,Lancaster,45057,39.7
South Carolina,Laurens,45059,39.9
South Carolina,Lee,45061,38.9
South Carolina,Lexington,45063,37.9
South Carolina,McCormick,45065,50.0
South Carolina,Marion,45067,39.9
South Carolina,Marlboro,45069,38.8
South Carolina,Newberry,45071,39.9
South Carolina,Oconee,45073,43.4
South Carolina,Orangeburg,45075,38.1
South Carolina,Pickens,45077,34.9
South Carolina,Richland,45079,32.6
South Carolina,Saluda,45081,39.6
South Carolina,Spartanburg,45083,38.0
South Carolina,Sumter,45085,35.4
South Carolina,Union,45087,41.9
South Carolina,Williamsburg,45089,40.2
South Carolina,York,45091,37.2
South Dakota,Aurora,46003,43.2
South Dakota,Beadle,46005,41.2
South Dakota,Bennett,46007,28.7
South Dakota,Bon Homme,46009,43.1
South Dakota,Brookings,46011,26.3
South Dakota,Brown,46013,38.6
South Dakota,Brule,46015,41.3
South Dakota,Buffalo,46017,25.0
South Dakota,Butte,46019,41.1
South Dakota,Campbell,46021,50.1
South Dakota,Charles Mix,46023,38.2
South Dakota,Clark,46025,45.7
South Dakota,Clay,46027,25.0
South Dakota,Codington,46029,37.7
South Dakota,Corson,46031,29.7
South Dakota,Custer,46033,50.3
South Dakota,Davison,46035,37.8
South Dakota,Day,46037,47.9
South Dakota,Deuel,46039,43.9
South Dakota,Dewey,46041,30.0
South Dakota,Douglas,46043,48.3
South Dakota,Edmunds,46045,45.7
South Dakota,Fall River,46047,50.5
South Dakota,Faulk,46049,46.9
South Dakota,Grant,46051,45.1
South Dakota,Gregory,46053,48.2
South Dakota,Haakon,46055,48.8
South Dakota,Hamlin,46057,36.8
South Dakota,Hand,46059,48.2
South Dakota,Hanson,46061,35.5
South Dakota,Harding,46063,43.3
South Dakota,Hughes,46065,39.8
South Dakota,Hutchinson,46067,46.8
South Dakota,Hyde,46069,46.4
South Dakota,Jackson,46071,31.5
South Dakota,Jerauld,46073,48.6
South Dakota,Jones,46075,46.9
South Dakota,Kingsbury,46077,47.1
South Dakota,Lake,46079,39.9
South Dakota,Lawrence,46081,41.0
South Dakota,Lincoln,46083,32.8
South Dakota,Lyman,46085,36.1
South Dakota,McCook,46087,42.7
South Dakota,McPherson,46089,50.8
South Dakota,Marshall,46091,43.2
South Dakota,Meade,46093,35.9
South Dakota,Mellette,46095,34.2
South Dakota,Miner,46097,46.4
South Dakota,Minnehaha,46099,34.5
South Dakota,Moody,46101,40.5
South Dakota,Pennington,46103,36.8
South Dakota,Perkins,46105,48.5
South Dakota,Potter,46107,50.6
South Dakota,Roberts,46109,39.5
South Dakota,Sanborn,46111,47.1
South Dakota,Shannon,46113,23.5
South Dakota,Spink,46115,44.4
South Dakota,Stanley,46117,41.9
South Dakota,Sully,46119,46.6
South Dakota,Todd,46121,24.0
South Dakota,Tripp,46123,45.3
South Dakota,Turner,46125,43.7
South Dakota,Union,46127,40.2
South Dakota,Walworth,46129,47.2
South Dakota,Yankton,46135,41.3
South Dakota,Ziebach,46137,25.4
Tennessee,Anderson,47001,42.6
Tennessee,Bedford,47003,36.4
Tennessee,Benton,47005,45.5
Tennessee,Bledsoe,47007,42.3
Tennessee,Blount,47009,41.4
Tennessee,Bradley,47011,38.2
Tennessee,Campbell,47013,41.7
Tennessee,Cannon,47015,41.4
Tennessee,Carroll,47017,42.0
Tennessee,Carter,47019,42.2
Tennessee,Cheatham,47021,39.3
Tennessee,Chester,47023,36.2
Tennessee,Claiborne,47025,41.1
Tennessee,Clay,47027,45.1
Tennessee,Cocke,47029,42.9
Tennessee,Coffee,47031,39.7
Tennessee,Crockett,47033,39.6
Tennessee,Cumberland,47035,48.3
Tennessee,Davidson,47037,33.9
Tennessee,Decatur,47039,44.3
Tennessee,DeKalb,47041,41.0
Tennessee,Dickson,47043,38.7
Tennessee,Dyer,47045,39.3
Tennessee,Fayette,47047,41.9
Tennessee,Fentress,47049,42.3
Tennessee,Franklin,47051,41.3
Tennessee,Gibson,47053,39.9
Tennessee,Giles,47055,42.1
Tennessee,Grainger,47057,42.1
Tennessee,Greene,47059,42.6
Tennessee,Grundy,47061,41.4
Tennessee,Hamblen,47063,39.6
Tennessee,Hamilton,47065,39.3
Tennessee,Hancock,47067,42.9
Tennessee,Hardeman,47069,39.2
Tennessee,Hardin,47071,43.5
Tennessee,Hawkins,47073,42.1
Tennessee,Haywood,47075,39.2
Tennessee,Henderson,47077,39.7
Tennessee,Henry,47079,44.3
Tennessee,Hickman,47081,40.0
Tennessee,Houston,47083,41.8
Tennessee,Humphreys,47085,41.9
Tennessee,Jackson,47087,44.7
Tennessee,Jefferson,47089,40.8
Tennessee,Johnson,47091,43.3
Tennessee,Knox,47093,37.2
Tennessee,Lake,47095,38.3
Tennessee,Lauderdale,47097,36.4
Tennessee,Lawrence,47099,39.7
Tennessee,Lewis,47101,41.2
Tennessee,Lincoln,47103,41.8
Tennessee,Loudon,47105,46.0
Tennessee,McMinn,47107,41.6
Tennessee,McNairy,47109,41.6
Tennessee,Macon,47111,38.7
Tennessee,Madison,47113,36.8
Tennessee,Marion,47115,42.3
Tennessee,Marshall,47117,38.9
Tennessee,Maury,47119,38.4
Tennessee,Meigs,47121,42.9
Tennessee,Monroe,47123,41.6
Tennessee,Montgomery,47125,30.0
Tennessee,Moore,47127,43.3
Tennessee,Morgan,47129,39.8
Tennessee,Obion,47131,41.4
Tennessee,Overton,47133,41.6
Tennessee,Perry,47135,43.1
Tennessee,Pickett,47137,47.2
Tennessee,Polk,47139,42.5
Tennessee,Putnam,47141,35.9
Tennessee,Rhea,47143,39.8
Tennessee,Roane,47145,44.9
Tennessee,Robertson,47147,37.6
Tennessee,Rutherford,47149,32.2
Tennessee,Scott,47151,38.1
Tennessee,Sequatchie,47153,40.6
Tennessee,Sevier,47155,40.9
Tennessee,Shelby,47157,34.6
Tennessee,Smith,47159,39.9
Tennessee,Stewart,47161,42.8
Tennessee,Sullivan,47163,43.6
Tennessee,Sumner,47165,38.6
Tennessee,Tipton,47167,36.6
Tennessee,Trousdale,47169,39.5
Tennessee,Unicoi,47171,44.9
Tennessee,Union,47173,40.1
Tennessee,Van Buren,47175,44.5
Tennessee,Warren,47177,39.3
Tennessee,Washington,47179,39.3
Tennessee,Wayne,47181,40.9
Tennessee,Weakley,47183,37.0
Tennessee,White,47185,42.0
Tennessee,Williamson,47187,38.5
Tennessee,Wilson,47189,39.3
Texas,Anderson,48001,39.1
Texas,Andrews,48003,33.4
Texas,Angelina,48005,36.3
Texas,Aransas,48007,49.0
Texas,Archer,48009,42.6
Texas,Armstrong,48011,46.2
Texas,Atascosa,48013,36.2
Texas,Austin,48015,40.7
Texas,Bailey,48017,32.5
Texas,Bandera,48019,48.8
Texas,Bastrop,48021,38.4
Texas,Baylor,48023,47.0
Texas,Bee,48025,35.4
Texas,Bell,48027,29.6
Texas,Bexar,48029,32.8
Texas,Blanco,48031,46.7
Texas,Borden,48033,46.0
Texas,Bosque,48035,45.2
Texas,Bowie,48037,37.9
Texas,Brazoria,48039,35.1
Texas,Brazos,48041,24.5
Texas,Brewster,48043,41.5
Texas,Briscoe,48045,45.7
Texas,Brooks,48047,37.7
Texas,Brown,48049,40.1
Texas,Burleson,48051,43.0
Texas,Burnet,48053,43.2
Texas,Caldwell,48055,34.8
Texas,Calhoun,48057,38.4
Texas,Callahan,48059,43.0
Texas,Cameron,48061,30.6
Texas,Camp,48063,38.3
Texas,Carson,48065,42.4
Texas,Cass,48067,43.1
Texas,Castro,48069,33.9
Texas,Chambers,48071,36.1
Texas,Cherokee,48073,37.4
Texas,Childress,48075,33.7
Texas,Clay,48077,44.8
Texas,Cochran,48079,35.7
Texas,Coke,48081,48.4
Texas,Coleman,48083,46.3
Texas,Collin,48085,35.0
Texas,Collingsworth,48087,38.6
Texas,Colorado,48089,43.6
Texas,Comal,48091,42.5
Texas,Comanche,48093,43.3
Texas,Concho,48095,41.4
Texas,Cooke,48097,39.4
Texas,Coryell,48099,29.8
Texas,Cottle,48101,47.1
Texas,Crane,48103,35.2
Texas,Crockett,48105,39.1
Texas,Crosby,48107,37.9
Texas,Culberson,48109,38.0
Texas,Dallam,48111,32.2
Texas,Dallas,48113,32.5
Texas,Dawson,48115,33.4
Texas,Deaf Smith,48117,31.0
Texas,Delta,48119,44.0
Texas,Denton,48121,33.0
Texas,DeWitt,48123,42.8
Texas,Dickens,48125,42.3
Texas,Dimmit,48127,35.7
Texas,Donley,48129,42.5
Texas,Duval,48131,37.3
Texas,Eastland,48133,42.7
Texas,Ector,48135,31.4
Texas,Edwards,48137,47.2
Texas,Ellis,48139,35.0
Texas,El Paso,48141,31.3
Texas,Erath,48143,31.0
Texas,Falls,48145,39.9
Texas,Fannin,48147,41.0
Texas,Fayette,48149,46.4
Texas,Fisher,48151,45.7
Texas,Floyd,48153,38.5
Texas,Foard,48155,46.7
Texas,Fort Bend,48157,35.0
Texas,Franklin,48159,42.1
Texas,Freestone,48161,40.9
Texas,Frio,48163,32.3
Texas,Gaines,48165,28.4
Texas,Galveston,48167,37.2
Texas,Garza,48169,33.7
Texas,Gillespie,48171,49.6
Texas,Glasscock,48173,38.2
Texas,Goliad,48175,45.7
Texas,Gonzales,48177,37.2
Texas,Gray,48179,38.8
Texas,Grayson,48181,39.5
Texas,Gregg,48183,35.3
Texas,Grimes,48185,40.0
Texas,Guadalupe,48187,36.4
Texas,Hale,48189,32.2
Texas,Hall,48191,43.5
Texas,Hamilton,48193,46.7
Texas,Hansford,48195,35.5
Texas,Hardeman,48197,42.7
Texas,Hardin,48199,38.1
Texas,Harris,48201,32.2
Texas,Harrison,48203,37.4
Texas,Hartley,48205,39.0
Texas,Haskell,48207,44.6
Texas,Hays,48209,30.4
Texas,Hemphill,48211,35.9
Texas,Henderson,48213,42.8
Texas,Hidalgo,48215,28.3
Texas,Hill,48217,41.0
Texas,Hockley,48219,33.6
Texas,Hood,48221,45.9
Texas,Hopkins,48223,38.8
Texas,Houston,48225,43.6
Texas,Howard,48227,38.5
Texas,Hudspeth,48229,36.5
Texas,Hunt,48231,37.8
Texas,Hutchinson,48233,37.8
Texas,Irion,48235,45.1
Texas,Jack,48237,39.2
Texas,Jackson,48239,39.4
Texas,Jasper,48241,40.5
Texas,Jeff Davis,48243,52.0
Texas,Jefferson,48245,36.0
Texas,Jim Hogg,48247,35.6
Texas,Jim Wells,48249,34.9
Texas,Johnson,48251,36.3
Texas,Jones,48253,39.0
Texas,Karnes,48255,37.2
Texas,Kaufman,48257,35.4
Texas,Kendall,48259,44.1
Texas,Kenedy,48261,41.3
Texas,Kent,48263,48.4
Texas,Kerr,48265,47.3
Texas,Kimble,48267,48.6
Texas,King,48269,43.4
Texas,Kinney,48271,45.3
Texas,Kleberg,48273,29.0
Texas,Knox,48275,41.6
Texas,Lamar,48277,39.7
Texas,Lamb,48279,36.3
Texas,Lampasas,48281,41.0
Texas,La Salle,48283,30.0
Texas,Lavaca,48285,45.2
Texas,Lee,48287,39.8
Texas,Leon,48289,45.7
Texas,Liberty,48291,36.4
Texas,Limestone,48293,39.0
Texas,Lipscomb,48295,37.0
Texas,Live Oak,48297,43.8
Texas,Llano,48299,55.0
Texas,Loving,48301,52.7
Texas,Lubbock,48303,30.4
Texas,Lynn,48305,39.4
Texas,McCulloch,48307,43.5
Texas,McLennan,48309,32.7
Texas,McMullen,48311,49.8
Texas,Madison,48313,34.5
Texas,Marion,48315,48.4
Texas,Martin,48317,34.7
Texas,Mason,48319,49.3
Texas,Matagorda,48321,38.4
Texas,Maverick,48323,30.0
Texas,Medina,48325,38.6
Texas,Menard,48327,50.4
Texas,Midland,48329,33.5
Texas,Milam,48331,40.5
Texas,Mills,48333,45.7
Texas,Mitchell,48335,35.4
Texas,Montague,48337,43.6
Texas,Montgomery,48339,36.1
Texas,Moore,48341,30.7
Texas,Morris,48343,42.2
Texas,Motley,48345,49.0
Texas,Nacogdoches,48347,29.8
Texas,Navarro,48349,37.1
Texas,Newton,48351,40.7
Texas,Nolan,48353,39.0
Texas,Nueces,48355,35.1
Texas,Ochiltree,48357,31.8
Texas,Oldham,48359,34.4
Texas,Orange,48361,38.6
Texas,Palo Pinto,48363,40.3
Texas,Panola,48365,38.9
Texas,Parker,48367,38.9
Texas,Parmer,48369,31.9
Texas,Pecos,48371,36.6
Texas,Polk,48373,42.9
Texas,Potter,48375,33.0
Texas,Presidio,48377,38.5
Texas,Rains,48379,45.8
Texas,Randall,48381,35.3
Texas,Reagan,48383,33.5
Texas,Real,48385,50.5
Texas,Red River,48387,45.1
Texas,Reeves,48389,35.4
Texas,Refugio,48391,43.0
Texas,Roberts,48393,41.3
Texas,Robertson,48395,40.4
Texas,Rockwall,48397,35.9
Texas,Runnels,48399,42.3
Texas,Rusk,48401,38.6
Texas,Sabine,48403,50.5
Texas,San Augustine,48405,47.1
Texas,San Jacinto,48407,43.0
Texas,San Patricio,48409,36.1
Texas,San Saba,48411,40.6
Texas,Schleicher,48413,33.7
Texas,Scurry,48415,36.8
Texas,Shackelford,48417,42.9
Texas,Shelby,48419,37.6
Texas,Sherman,48421,36.8
Texas,Smith,48423,35.6
Texas,Somervell,48425,40.3
Texas,Starr,48427,29.0
Texas,Stephens,48429,40.1
Texas,Sterling,48431,41.8
Texas,Stonewall,48433,46.3
Texas,Sutton,48435,38.7
Texas,Swisher,48437,37.0
Texas,Tarrant,48439,33.4
Texas,Taylor,48441,32.8
Texas,Terrell,48443,44.5
Texas,Terry,48445,35.1
Texas,Throckmorton,48447,46.6
Texas,Titus,48449,32.5
Texas,Tom Green,48451,34.3
Texas,Travis,48453,31.9
Texas,Trinity,48455,47.3
Texas,Tyler,48457,42.1
Texas,Upshur,48459,40.5
Texas,Upton,48461,36.5
Texas,Uvalde,48463,35.3
Texas,Val Verde,48465,32.3
Texas,Van Zandt,48467,42.1
Texas,Victoria,48469,36.4
Texas,Walker,48471,34.5
Texas,Waller,48473,31.7
Texas,Ward,48475,37.0
Texas,Washington,48477,41.6
Texas,Webb,48479,27.8
Texas,Wharton,48481,37.2
Texas,Wheeler,48483,40.2
Texas,Wichita,48485,33.9
Texas,Wilbarger,48487,38.0
Texas,Willacy,48489,32.1
Texas,Williamson,48491,34.2
Texas,Wilson,48493,40.0
Texas,Winkler,48495,34.7
Texas,Wise,48497,38.4
Texas,Wood,48499,47.5
Texas,Yoakum,48501,32.8
Texas,Young,48503,41.8
Texas,Zapata,48505,28.3
Texas,Zavala,48507,30.8
Utah,Beaver,49001,31.9
Utah,Box Elder,49003,30.6
Utah,Cache,49005,25.5
Utah,Carbon,49007,34.4
Utah,Daggett,49009,42.8
Utah,Davis,49011,29.2
Utah,Duchesne,49013,29.7
Utah,Emery,49015,32.8
Utah,Garfield,49017,39.0
Utah,Grand,49019,39.9
Utah,Iron,49021,26.8
Utah,Juab,49023,29.3
Utah,Kane,49025,44.5
Utah,Millard,49027,33.7
Utah,Morgan,49029,32.0
Utah,Piute,49031,40.5
Utah,Rich,49033,34.7
Utah,Salt Lake,49035,30.8
Utah,San Juan,49037,29.9
Utah,Sanpete,49039,28.4
Utah,Sevier,49041,32.8
Utah,Summit,49043,37.1
Utah,Tooele,49045,29.6
Utah,Uintah,49047,29.1
Utah,Utah,49049,24.6
Utah,Wasatch,49051,31.6
Utah,Washington,49053,32.5
Utah,Wayne,49055,37.1
Utah,Weber,49057,30.7
Vermont,Addison,50001,41.3
Vermont,Bennington,50003,45.1
Vermont,Caledonia,50005,42.1
Vermont,Chittenden,50007,36.2
Vermont,Essex,50009,47.4
Vermont,Franklin,50011,39.6
Vermont,Grand Isle,50013,45.5
Vermont,Lamoille,50015,39.7
Vermont,Orange,50017,43.8
Vermont,Orleans,50019,43.7
Vermont,Rutland,50021,44.3
Vermont,Washington,50023,42.3
Vermont,Windham,50025,44.9
Vermont,Windsor,50027,45.8
Virginia,Accomack,51001,44.7
Virginia,Albemarle,51003,38.2
Virginia,Alleghany,51005,45.8
Virginia,Amelia,51007,42.7
Virginia,Amherst,51009,42.0
Virginia,Appomattox,51011,42.8
Virginia,Arlington,51013,33.4
Virginia,Augusta,51015,42.9
Virginia,Bath,51017,47.5
Virginia,Bedford,51019,44.3
Virginia,Bland,51021,43.6
Virginia,Botetourt,51023,44.9
Virginia,Brunswick,51025,41.3
Virginia,Buchanan,51027,43.8
Virginia,Buckingham,51029,41.7
Virginia,Campbell,51031,41.1
Virginia,Caroline,51033,38.9
Virginia,Carroll,51035,44.7
Virginia,Charles City,51036,46.6
Virginia,Charlotte,51037,43.7
Virginia,Chesterfield,51041,37.6
Virginia,Clarke,51043,44.9
Virginia,Craig,51045,44.8
Virginia,Culpeper,51047,38.2
Virginia,Cumberland,51049,41.6
Virginia,Dickenson,51051,43.0
Virginia,Dinwiddie,51053,40.7
Virginia,Essex,51057,43.2
Virginia,Fairfax,51059,37.3
Virginia,Fauquier,51061,41.3
Virginia,Floyd,51063,43.6
Virginia,Fluvanna,51065,41.1
Virginia,Franklin,51067,44.1
Virginia,Frederick,51069,39.1
Virginia,Giles,51071,43.2
Virginia,Gloucester,51073,42.6
Virginia,Goochland,51075,45.2
Virginia,Grayson,51077,46.7
Virginia,Greene,51079,39.3
Virginia,Greensville,51081,40.9
Virginia,Halifax,51083,44.7
Virginia,Hanover,51085,41.0
Virginia,Henrico,51087,37.5
Virginia,Henry,51089,44.7
Virginia,Highland,51091,52.5
Virginia,Isle of Wight,51093,43.8
Virginia,James City,51095,44.9
Virginia,King and Queen,51097,45.2
Virginia,King George,51099,36.6
Virginia,King William,51101,39.4
Virginia,Lancaster,51103,54.1
Virginia,Lee,51105,41.2
Virginia,Loudoun,51107,34.8
Virginia,Louisa,51109,42.6
Virginia,Lunenburg,51111,43.8
Virginia,Madison,51113,44.1
Virginia,Mathews,51115,50.1
Virginia,Mecklenburg,51117,45.8
Virginia,Middlesex,51119,51.0
Virginia,Montgomery,51121,26.6
Virginia,Nelson,51125,47.6
Virginia,New Kent,51127,42.4
Virginia,Northampton,51131,47.8
Virginia,Northumberland,51133,53.6
Virginia,Nottoway,51135,41.4
Virginia,Orange,51137,42.6
Virginia,Page,51139,43.0
Virginia,Patrick,51141,46.8
Virginia,Pittsylvania,51143,44.2
Virginia,Powhatan,51145,41.6
Virginia,Prince Edward,51147,30.9
Virginia,Prince George,51149,38.0
Virginia,Prince William,51153,33.5
Virginia,Pulaski,51155,44.1
Virginia,Rappahannock,51157,47.5
Virginia,Richmond,51159,43.5
Virginia,Roanoke,51161,43.3
Virginia,Rockbridge,51163,46.5
Virginia,Rockingham,51165,40.4
Virginia,Russell,51167,43.0
Virginia,Scott,51169,44.7
Virginia,Shenandoah,51171,43.1
Virginia,Smyth,51173,43.1
Virginia,Southampton,51175,44.3
Virginia,Spotsylvania,51177,36.4
Virginia,Stafford,51179,34.6
Virginia,Surry,51181,45.0
Virginia,Sussex,51183,40.6
Virginia,Tazewell,51185,43.2
Virginia,Warren,51187,39.7
Virginia,Washington,51191,43.7
Virginia,Westmoreland,51193,46.6
Virginia,Wise,51195,39.0
Virginia,Wythe,51197,43.2
Virginia,York,51199,39.4
Virginia,Alexandria,51510,35.6
Virginia,Bedford,51515,42.9
Virginia,Bristol,51520,41.3
Virginia,Buena Vista,51530,37.6
Virginia,Charlottesville,51540,27.8
Virginia,Chesapeake,51550,37.0
Virginia,Clifton Forge,51560,0.0
Virginia,Colonial Heights,51570,41.9
Virginia,Covington,51580,42.9
Virginia,Danville,51590,42.6
Virginia,Emporia,51595,37.9
Virginia,Fairfax,51600,39.1
Virginia,Falls Church,51610,39.0
Virginia,Franklin,51620,40.7
Virginia,Fredericksburg,51630,28.8
Virginia,Galax,51640,42.4
Virginia,Hampton,51650,35.5
Virginia,Harrisonburg,51660,22.7
Virginia,Hopewell,51670,36.5
Virginia,Lexington,51678,22.8
Virginia,Lynchburg,51680,30.3
Virginia,Manassas,51683,32.1
Virginia,Manassas Park,51685,30.9
Virginia,Martinsville,51690,43.6
Virginia,Newport News,51700,32.3
Virginia,Norfolk,51710,29.7
Virginia,Norton,51720,40.0
Virginia,Petersburg,51730,39.8
Virginia,Poquoson,51735,43.5
Virginia,Portsmouth,51740,35.7
Virginia,Radford,51750,22.4
Virginia,Richmond,51760,32.0
Virginia,Roanoke,51770,38.5
Virginia,Salem,51775,40.5
Virginia,South Boston,51780,0.0
Virginia,Staunton,51790,42.2
Virginia,Suffolk,51800,37.9
Virginia,Virginia Beach,51810,34.9
Virginia,Waynesboro,51820,38.8
Virginia,Williamsburg,51830,23.8
Virginia,Winchester,51840,35.1
Washington,Adams,53001,29.0
Washington,Asotin,53003,43.5
Washington,Benton,53005,35.6
Washington,Chelan,53007,39.3
Washington,Clallam,53009,49.0
Washington,Clark,53011,36.7
Washington,Columbia,53013,48.3
Washington,Cowlitz,53015,40.2
Washington,Douglas,53017,36.8
Washington,Ferry,53019,47.3
Washington,Franklin,53021,28.4
Washington,Garfield,53023,49.0
Washington,Grant,53025,32.1
Washington,Grays Harbor,53027,41.9
Washington,Island,53029,43.2
Washington,Jefferson,53031,53.9
Washington,King,53033,37.1
Washington,Kitsap,53035,39.4
Washington,Kittitas,53037,31.9
Washington,Klickitat,53039,45.3
Washington,Lewis,53041,41.5
Washington,Lincoln,53043,47.6
Washington,Mason,53045,44.4
Washington,Okanogan,53047,42.9
Washington,Pacific,53049,50.8
Washington,Pend Oreille,53051,47.8
Washington,Pierce,53053,35.9
Washington,San Juan,53055,52.7
Washington,Skagit,53057,40.1
Washington,Skamania,53059,44.0
Washington,Snohomish,53061,37.1
Washington,Spokane,53063,36.8
Washington,Stevens,53065,45.0
Washington,Thurston,53067,38.5
Washington,Wahkiakum,53069,52.3
Washington,Walla Walla,53071,36.7
Washington,Whatcom,53073,36.6
Washington,Whitman,53075,24.4
Washington,Yakima,53077,32.2
West Virginia,Barbour,54001,41.5
West Virginia,Berkeley,54003,37.6
West Virginia,Boone,54005,40.7
West Virginia,Braxton,54007,43.8
West Virginia,Brooke,54009,44.8
West Virginia,Cabell,54011,38.7
West Virginia,Calhoun,54013,45.1
West Virginia,Clay,54015,41.5
West Virginia,Doddridge,54017,42.4
West Virginia,Fayette,54019,43.0
West Virginia,Gilmer,54021,38.0
West Virginia,Grant,54023,44.0
West Virginia,Greenbrier,54025,45.0
West Virginia,Hampshire,54027,42.6
West Virginia,Hancock,54029,45.3
West Virginia,Hardy,54031,42.8
West Virginia,Harrison,54033,41.8
West Virginia,Jackson,54035,42.2
West Virginia,Jefferson,54037,38.9
West Virginia,Kanawha,54039,42.4
West Virginia,Lewis,54041,43.4
West Virginia,Lincoln,54043,41.2
West Virginia,Logan,54045,42.4
West Virginia,McDowell,54047,43.8
West Virginia,Marion,54049,41.0
West Virginia,Marshall,54051,44.3
West Virginia,Mason,54053,42.4
West Virginia,Mercer,54055,42.5
West Virginia,Mineral,54057,42.3
West Virginia,Mingo,54059,40.9
West Virginia,Monongalia,54061,29.1
West Virginia,Monroe,54063,45.0
West Virginia,Morgan,54065,45.0
West Virginia,Nicholas,54067,43.3
West Virginia,Ohio,54069,43.5
West Virginia,Pendleton,54071,47.3
West Virginia,Pleasants,54073,42.4
West Virginia,Pocahontas,54075,47.1
West Virginia,Preston,54077,42.0
West Virginia,Putnam,54079,40.9
West Virginia,Raleigh,54081,41.1
West Virginia,Randolph,54083,43.4
West Virginia,Ritchie,54085,44.3
West Virginia,Roane,54087,43.5
West Virginia,Summers,54089,45.7
West Virginia,Taylor,54091,42.3
West Virginia,Tucker,54093,46.3
West Virginia,Tyler,54095,45.2
West Virginia,Upshur,54097,40.9
West Virginia,Wayne,54099,41.3
West Virginia,Webster,54101,44.1
West Virginia,Wetzel,54103,44.8
West Virginia,Wirt,54105,44.4
West Virginia,Wood,54107,42.2
West Virginia,Wyoming,54109,42.6
Wisconsin,Adams,55001,49.2
Wisconsin,Ashland,55003,40.3
Wisconsin,Barron,55005,43.1
Wisconsin,Bayfield,55007,49.4
Wisconsin,Brown,55009,36.2
Wisconsin,Buffalo,55011,44.1
Wisconsin,Burnett,55013,49.1
Wisconsin,Calumet,55015,38.4
Wisconsin,Chippewa,55017,40.1
Wisconsin,Clark,55019,37.2
Wisconsin,Columbia,55021,41.0
Wisconsin,Crawford,55023,44.7
Wisconsin,Dane,55025,34.4
Wisconsin,Dodge,55027,40.7
Wisconsin,Door,55029,49.4
Wisconsin,Douglas,55031,39.8
Wisconsin,Dunn,55033,33.5
Wisconsin,Eau Claire,55035,33.4
Wisconsin,Florence,55037,49.0
Wisconsin,Fond du Lac,55039,40.2
Wisconsin,Forest,55041,44.1
Wisconsin,Grant,55043,36.4
Wisconsin,Green,55045,41.1
Wisconsin,Green Lake,55047,44.5
Wisconsin,Iowa,55049,41.1
Wisconsin,Iron,55051,51.0
Wisconsin,Jackson,55053,41.4
Wisconsin,Jefferson,55055,38.2
Wisconsin,Juneau,55057,43.6
Wisconsin,Kenosha,55059,36.3
Wisconsin,Kewaunee,55061,42.2
Wisconsin,La Crosse,55063,35.2
Wisconsin,Lafayette,55065,40.4
Wisconsin,Langlade,55067,45.7
Wisconsin,Lincoln,55069,44.7
Wisconsin,Manitowoc,55071,43.0
Wisconsin,Marathon,55073,39.4
Wisconsin,Marinette,55075,45.7
Wisconsin,Marquette,55077,47.4
Wisconsin,Menominee,55078,31.4
Wisconsin,Milwaukee,55079,33.6
Wisconsin,Monroe,55081,39.1
Wisconsin,Oconto,55083,43.7
Wisconsin,Oneida,55085,48.0
Wisconsin,Outagamie,55087,37.1
Wisconsin,Ozaukee,55089,42.9
Wisconsin,Pepin,55091,44.1
Wisconsin,Pierce,55093,34.5
Wisconsin,Polk,55095,42.5
Wisconsin,Portage,55097,35.8
Wisconsin,Price,55099,48.3
Wisconsin,Racine,55101,39.0
Wisconsin,Richland,55103,43.0
Wisconsin,Rock,55105,38.0
Wisconsin,Rusk,55107,45.8
Wisconsin,St. Croix,55109,36.7
Wisconsin,Sauk,55111,40.0
Wisconsin,Sawyer,55113,47.2
Wisconsin,Shawano,55115,43.0
Wisconsin,Sheboygan,55117,40.3
Wisconsin,Taylor,55119,41.8
Wisconsin,Trempealeau,55121,40.8
Wisconsin,Vernon,55123,41.5
Wisconsin,Vilas,55125,50.7
Wisconsin,Walworth,55127,38.1
Wisconsin,Washburn,55129,47.7
Wisconsin,Washington,55131,40.9
Wisconsin,Waukesha,55133,42.0
Wisconsin,Waupaca,55135,43.5
Wisconsin,Waushara,55137,46.2
Wisconsin,Winnebago,55139,37.9
Wisconsin,Wood,55141,42.6
Wyoming,Albany,56001,26.8
Wyoming,Big Horn,56003,41.8
Wyoming,Campbell,56005,31.9
Wyoming,Carbon,56007,38.9
Wyoming,Converse,56009,39.0
Wyoming,Crook,56011,43.6
Wyoming,Fremont,56013,38.5
Wyoming,Goshen,56015,43.6
Wyoming,Hot Springs,56017,48.6
Wyoming,Johnson,56019,44.8
Wyoming,Laramie,56021,37.0
Wyoming,Lincoln,56023,37.4
Wyoming,Natrona,56025,36.8
Wyoming,Niobrara,56027,46.1
Wyoming,Park,56029,43.6
Wyoming,Platte,56031,47.5
Wyoming,Sheridan,56033,41.9
Wyoming,Sublette,56035,38.3
Wyoming,Sweetwater,56037,32.8
Wyoming,Teton,56039,36.9
Wyoming,Uinta,56041,33.9
Wyoming,Washakie,56043,41.8
Wyoming,Weston,56045,42.3
