state,county,fips,pop
Alabama,Autauga,1001,54571
Alabama,Baldwin,1003,182265
Alabama,Barbour,1005,27457
Alabama,Bibb,1007,22915
Alabama,Blount,1009,57322
Alabama,Bullock,1011,10914
Alabama,Butler,1013,20947
Alabama,Calhoun,1015,118572
Alabama,Chambers,1017,34215
Alabama,Cherokee,1019,25989
Alabama,Chilton,1021,43643
Alabama,Choctaw,1023,13859
Alabama,Clarke,1025,25833
Alabama,Clay,1027,13932
Alabama,Cleburne,1029,14972
Alabama,Coffee,1031,49948
Alabama,Colbert,1033,54428
Alabama,Conecuh,1035,13228
Alabama,Coosa,1037,11539
Alabama,Covington,1039,37765
Alabama,Crenshaw,1041,13906
Alabama,Cullman,1043,80406
Alabama,Dale,1045,50251
Alabama,Dallas,1047,43820
Alabama,DeKalb,1049,71109
Alabama,Elmore,1051,79303
Alabama,Escambia,1053,38319
Alabama,Etowah,1055,104430
Alabama,Fayette,1057,17241
Alabama,Franklin,1059,31704
Alabama,Geneva,1061,26790
Alabama,Greene,1063,9045
Alabama,Hale,1065,15760
Alabama,Henry,1067,17302
Alabama,Houston,1069,101547
Alabama,Jackson,1071,53227
Alabama,Jefferson,1073,658466
Alabama,Lamar,1075,14564
Alabama,Lauderdale,1077,92709
Alabama,Lawrence,1079,34339
Alabama,Lee,1081,140247
Alabama,Limestone,1083,82782
Alabama,Lowndes,1085,11299
Alabama,Macon,1087,21452
Alabama,Madison,1089,334811
Alabama,Marengo,1091,21027
Alabama,Marion,1093,30776
Alabama,Marshall,1095,93019
Alabama,Mobile,1097,412992
Alabama,Monroe,1099,23068
Alabama,Montgomery,1101,229363
Alabama,Morgan,1103,119490
Alabama,Perry,1105,10591
Alabama,Pickens,1107,19746
Alabama,Pike,1109,32899
Alabama,Randolph,1111,22913
Alabama,Russell,1113,52947
Alabama,St. Clair,1115,83593
Alabama,Shelby,1117,195085
Alabama,Sumter,1119,13763
Alabama,Talladega,1121,82291
Alabama,Tallapoosa,1123,41616
Alabama,Tuscaloosa,1125,194656
Alabama,Walker,1127,67023
Alabama,Washington,1129,17581
Alabama,Wilcox,1131,11670
Alabama,Winston,1133,24484
Alaska,Aleutians East,2013,3141
Alaska,Aleutians West,2016,5561
Alaska,Anchorage,2020,291826
Alaska,Bethel,2050,17013
Alaska,Bristol Bay,2060,997
Alaska,Denali,2068,1826
Alaska,Dillingham,2070,4847
Alaska,Fairbanks North Star,2090,97581
Alaska,Haines,2100,2508
Alaska,Hoonah-Angoon,2105,2150
Alaska,Juneau,2110,31275
Alaska,Kenai Peninsula,2122,55400
Alaska,Ketchikan Gateway,2130,13477
Alaska,Kodiak Island,2150,13592
Alaska,Lake and Peninsula,2164,1631
Alaska,Matanuska-Susitna,2170,88995
Alaska,Nome,2180,9492
Alaska,North Slope,2185,9430
Alaska,Northwest Arctic,2188,7523
Alaska,Petersburg,2195,3815
Alaska,Prince of Wales-Hyder,2198,5559
Alaska,Sitka,2220,8881
Alaska,Skagway,2230,968
Alaska,Southeast Fairbanks,2240,7029
Alaska,Valdez-Cordova,2261,9636
Alaska,Wade Hampton,2270,7459
Alaska,Wrangell,2275,2369
Alaska,Yakutat,2282,662
Alaska,Yukon-Koyukuk,2290,5588
Arizona,Apache,4001,71518
Arizona,Cochise,4003,131346
Arizona,Coconino,4005,134421
Arizona,Gila,4007,53597
Arizona,Graham,4009,37220
Arizona,Greenlee,4011,8437
Arizona,La Paz,4012,20489
Arizona,Maricopa,4013,3817117
Arizona,Mohave,4015,200186
Arizona,Navajo,4017,107449
Arizona,Pima,4019,980263
Arizona,Pinal,4021,375770
Arizona,Santa Cruz,4023,47420
Arizona,Yavapai,4025,211033
Arizona,Yuma,4027,195751
Arkansas,Arkansas,5001,19019
Arkansas,Ashley,5003,21853
Arkansas,Baxter,5005,41513
Arkansas,Benton,5007,221339
Arkansas,Boone,5009,36903
Arkansas,Bradley,5011,11508
Arkansas,Calhoun,5013,5368
Arkansas,Carroll,5015,27446
Arkansas,Chicot,5017,11800
Arkansas,Clark,5019,22995
Arkansas,Clay,5021,16083
Arkansas,Cleburne,5023,25970
Arkansas,Cleveland,5025,8689
Arkansas,Columbia,5027,24552
Arkansas,Conway,5029,21273
Arkansas,Craighead,5031,96443
Arkansas,Crawford,5033,61948
Arkansas,Crittenden,5035,50902
Arkansas,Cross,5037,17870
Arkansas,Dallas,5039,8116
Arkansas,Desha,5041,13008
Arkansas,Drew,5043,18509
Arkansas,Faulkner,5045,113237
Arkansas,Franklin,5047,18125
Arkansas,Fulton,5049,12245
Arkansas,Garland,5051,96024
Arkansas,Grant,5053,17853
Arkansas,Greene,5055,42090
Arkansas,Hempstead,5057,22609
Arkansas,Hot Spring,5059,32923
Arkansas,Howard,5061,13789
Arkansas,Independence,5063,36647
Arkansas,Izard,5065,13696
Arkansas,Jackson,5067,17997
Arkansas,Jefferson,5069,77435
Arkansas,Johnson,5071,25540
Arkansas,Lafayette,5073,7645
Arkansas,Lawrence,5075,17415
Arkansas,Lee,5077,10424
Arkansas,Lincoln,5079,14134
Arkansas,Little River,5081,13171
Arkansas,Logan,5083,22353
Arkansas,Lonoke,5085,68356
Arkansas,Madison,5087,15717
Arkansas,Marion,5089,16653
Arkansas,Miller,5091,43462
Arkansas,Mississippi,5093,46480
Arkansas,Monroe,5095,8149
Arkansas,Montgomery,5097,9487
Arkansas,Nevada,5099,8997
Arkansas,Newton,5101,8330
Arkansas,Ouachita,5103,26120
Arkansas,Perry,5105,10445
Arkansas,Phillips,5107,21757
Arkansas,Pike,5109,11291
Arkansas,Poinsett,5111,24583
Arkansas,Polk,5113,20662
Arkansas,Pope,5115,61754
Arkansas,Prairie,5117,8715
Arkansas,Pulaski,5119,382748
Arkansas,Randolph,5121,17969
Arkansas,St. Francis,5123,28258
Arkansas,Saline,5125,107118
Arkansas,Scott,5127,11233
Arkansas,Searcy,5129,8195
Arkansas,Sebastian,5131,125744
Arkansas,Sevier,5133,17058
Arkansas,Sharp,5135,17264
Arkansas,Stone,5137,12394
Arkansas,Union,5139,41639
Arkansas,Van Buren,5141,17295
Arkansas,Washington,5143,203065
Arkansas,White,5145,77076
Arkansas,Woodruff,5147,7260
Arkansas,Yell,5149,22185
California,Alameda,6001,1510271
California,Alpine,6003,1175
California,Amador,6005,38091
California,Butte,6007,220000
California,Calaveras,6009,45578
California,Colusa,6011,21419
California,Contra Costa,6013,1049025
California,Del Norte,6015,28610
California,El Dorado,6017,181058
California,Fresno,6019,930450
California,Glenn,6021,28122
California,Humboldt,6023,134623
California,Imperial,6025,174528
California,Inyo,6027,18546
California,Kern,6029,839631
California,Kings,6031,152982
California,Lake,6033,64665
California,Lassen,6035,34895
California,Los Angeles,6037,9818605
California,Madera,6039,150865
California,Marin,6041,252409
California,Mariposa,6043,18251
California,Mendocino,6045,87841
California,Merced,6047,255793
California,Modoc,6049,9686
California,Mono,6051,14202
California,Monterey,6053,415057
California,Napa,6055,136484
California,Nevada,6057,98764
California,Orange,6059,3010232
California,Placer,6061,348432
California,Plumas,6063,20007
California,Riverside,6065,2189641
California,Sacramento,6067,1418788
California,San Benito,6069,55269
California,San Bernardino,6071,2035210
California,San Diego,6073,3095313
California,San Francisco,6075,805235
California,San Joaquin,6077,685306
California,San Luis Obispo,6079,269637
California,San Mateo,6081,718451
California,Santa Barbara,6083,423895
California,Santa Clara,6085,1781642
California,Santa Cruz,6087,262382
California,Shasta,6089,177223
California,Sierra,6091,3240
California,Siskiyou,6093,44900
California,Solano,6095,413344
California,Sonoma,6097,483878
California,Stanislaus,6099,514453
California,Sutter,6101,94737
California,Tehama,6103,63463
California,Trinity,6105,13786
California,Tulare,6107,442179
California,Tuolumne,6109,55365
California,Ventura,6111,823318
California,Yolo,6113,200849
California,Yuba,6115,72155
Colorado,Adams,8001,441603
Colorado,Alamosa,8003,15445
Colorado,Arapahoe,8005,572003
Colorado,Archuleta,8007,12084
Colorado,Baca,8009,3788
Colorado,Bent,8011,6499
Colorado,Boulder,8013,294567
Colorado,Broomfield,8014,55889
Colorado,Chaffee,8015,17809
Colorado,Cheyenne,8017,1836
Colorado,Clear Creek,8019,9088
Colorado,Conejos,8021,8256
Colorado,Costilla,8023,3524
Colorado,Crowley,8025,5823
Colorado,Custer,8027,4255
Colorado,Delta,8029,30952
Colorado,Denver,8031,600158
Colorado,Dolores,8033,2064
Colorado,Douglas,8035,285465
Colorado,Eagle,8037,52197
Colorado,Elbert,8039,23086
Colorado,El Paso,8041,622263
Colorado,Fremont,8043,46824
Colorado,Garfield,8045,56389
Colorado,Gilpin,8047,5441
Colorado,Grand,8049,14843
Colorado,Gunnison,8051,15324
Colorado,Hinsdale,8053,843
Colorado,Huerfano,8055,6711
Colorado,Jackson,8057,1394
Colorado,Jefferson,8059,534543
Colorado,Kiowa,8061,1398
Colorado,Kit Carson,8063,8270
Colorado,Lake,8065,7310
Colorado,La Plata,8067,51334
Colorado,Larimer,8069,299630
Colorado,Las Animas,8071,15507
Colorado,Lincoln,8073,5467
Colorado,Logan,8075,22709
Colorado,Mesa,8077,146723
Colorado,Mineral,8079,712
Colorado,Moffat,8081,13795
Colorado,Montezuma,8083,25535
Colorado,Montrose,8085,41276
Colorado,Morgan,8087,28159
Colorado,Otero,8089,18831
Colorado,Ouray,8091,4436
Colorado,Park,8093,16206
Colorado,Phillips,8095,4442
Colorado,Pitkin,8097,17148
Colorado,Prowers,8099,12551
Colorado,Pueblo,8101,159063
Colorado,Rio Blanco,8103,6666
Colorado,Rio Grande,8105,11982
Colorado,Routt,8107,23509
Colorado,Saguache,8109,6108
Colorado,San Juan,8111,699
Colorado,San Miguel,8113,7359
Colorado,Sedgwick,8115,2379
Colorado,Summit,8117,27994
Colorado,Teller,8119,23350
Colorado,Washington,8121,4814
Colorado,Weld,8123,252825
Colorado,Yuma,8125,10043
Connecticut,Fairfield,9001,916829
Connecticut,Hartford,9003,894014
Connecticut,Litchfield,9005,189927
Connecticut,Middlesex,9007,165676
Connecticut,New Haven,9009,862477
Connecticut,New London,9011,274055
Connecticut,Tolland,9013,152691
Connecticut,Windham,9015,118428
Delaware,Kent,10001,162310
Delaware,New Castle,10003,538479
Delaware,Sussex,10005,197145
Florida,Alachua,12001,247336
Florida,Baker,12003,27115
Florida,Bay,12005,168852
Florida,Bradford,12007,28520
Florida,Brevard,12009,543376
Florida,Broward,12011,1748066
Florida,Calhoun,12013,14625
Florida,Charlotte,12015,159978
Florida,Citrus,12017,141236
Florida,Clay,12019,190865
Florida,Collier,12021,321520
Florida,Columbia,12023,67531
Florida,DeSoto,12027,34862
Florida,Dixie,12029,16422
Florida,Duval,12031,864263
Florida,Escambia,12033,297619
Florida,Flagler,12035,95696
Florida,Franklin,12037,11549
Florida,Gadsden,12039,46389
Florida,Gilchrist,12041,16939
Florida,Glades,12043,12884
Florida,Gulf,12045,15863
Florida,Hamilton,12047,14799
Florida,Hardee,12049,27731
Florida,Hendry,12051,39140
Florida,Hernando,12053,172778
Florida,Highlands,12055,98786
Florida,Hillsborough,12057,1229226
Florida,Holmes,12059,19927
Florida,Indian River,12061,138028
Florida,Jackson,12063,49746
Florida,Jefferson,12065,14761
Florida,Lafayette,12067,8870
Florida,Lake,12069,297052
Florida,Lee,12071,618754
Florida,Leon,12073,275487
Florida,Levy,12075,40801
Florida,Liberty,12077,8365
Florida,Madison,12079,19224
Florida,Manatee,12081,322833
Florida,Marion,12083,331298
Florida,Martin,12085,146318
Florida,Miami-Dade,12086,2496435
Florida,Monroe,12087,73090
Florida,Nassau,12089,73314
Florida,Okaloosa,12091,180822
Florida,Okeechobee,12093,39996
Florida,Orange,12095,1145956
Florida,Osceola,12097,268685
Florida,Palm Beach,12099,1320134
Florida,Pasco,12101,464697
Florida,Pinellas,12103,916542
Florida,Polk,12105,602095
Florida,Putnam,12107,74364
Florida,St. Johns,12109,190039
Florida,St. Lucie,12111,277789
Florida,Santa Rosa,12113,151372
Florida,Sarasota,12115,379448
Florida,Seminole,12117,422718
Florida,Sumter,12119,93420
Florida,Suwannee,12121,41551
Florida,Taylor,12123,22570
Florida,Union,12125,15535
Florida,Volusia,12127,494593
Florida,Wakulla,12129,30776
Florida,Walton,12131,55043
Florida,Washington,12133,24896
Georgia,Appling,13001,18236
Georgia,Atkinson,13003,8375
Georgia,Bacon,13005,11096
Georgia,Baker,13007,3451
Georgia,Baldwin,13009,45720
Georgia,Banks,13011,18395
Georgia,Barrow,13013,69367
Georgia,Bartow,13015,100157
Georgia,Ben Hill,13017,17634
Georgia,Berrien,13019,19286
Georgia,Bibb,13021,155547
Georgia,Bleckley,13023,13063
Georgia,Brantley,13025,18411
Georgia,Brooks,13027,16243
Georgia,Bryan,13029,30233
Georgia,Bulloch,13031,70217
Georgia,Burke,13033,23316
Georgia,Butts,13035,23655
Georgia,Calhoun,13037,6694
Georgia,Camden,13039,50513
Georgia,Candler,13043,10998
Georgia,Carroll,13045,110527
Georgia,Catoosa,13047,63942
Georgia,Charlton,13049,12171
Georgia,Chatham,13051,265128
Georgia,Chattahoochee,13053,11267
Georgia,Chattooga,13055,26015
Georgia,Cherokee,13057,214346
Georgia,Clarke,13059,116714
Georgia,Clay,13061,3183
Georgia,Clayton,13063,259424
Georgia,Clinch,13065,6798
Georgia,Cobb,13067,688078
Georgia,Coffee,13069,42356
Georgia,Colquitt,13071,45498
Georgia,Columbia,13073,124053
Georgia,Cook,13075,17212
Georgia,Coweta,13077,127317
Georgia,Crawford,13079,12630
Georgia,Crisp,13081,23439
Georgia,Dade,13083,16633
Georgia,Dawson,13085,22330
Georgia,Decatur,13087,27842
Georgia,DeKalb,13089,691893
Georgia,Dodge,13091,21796
Georgia,Dooly,13093,14918
Georgia,Dougherty,13095,94565
Georgia,Douglas,13097,132403
Georgia,Early,13099,11008
Georgia,Echols,13101,4034
Georgia,Effingham,13103,52250
Georgia,Elbert,13105,20166
Georgia,Emanuel,13107,22598
Georgia,Evans,13109,11000
Georgia,Fannin,13111,23682
Georgia,Fayette,13113,106567
Georgia,Floyd,13115,96317
Georgia,Forsyth,13117,175511
Georgia,Franklin,13119,22084
Georgia,Fulton,13121,920581
Georgia,Gilmer,13123,28292
Georgia,Glascock,13125,3082
Georgia,Glynn,13127,79626
Georgia,Gordon,13129,55186
Georgia,Grady,13131,25011
Georgia,Greene,13133,15994
Georgia,Gwinnett,13135,805321
Georgia,Habersham,13137,43041
Georgia,Hall,13139,179684
Georgia,Hancock,13141,9429
Georgia,Haralson,13143,28780
Georgia,Harris,13145,32024
Georgia,Hart,13147,25213
Georgia,Heard,13149,11834
Georgia,Henry,13151,203922
Georgia,Houston,13153,139900
Georgia,Irwin,13155,9538
Georgia,Jackson,13157,60485
Georgia,Jasper,13159,13900
Georgia,Jeff Davis,13161,15068
Georgia,Jefferson,13163,16930
Georgia,Jenkins,13165,8340
Georgia,Johnson,13167,9980
Georgia,Jones,13169,28669
Georgia,Lamar,13171,18317
Georgia,Lanier,13173,10078
Georgia,Laurens,13175,48434
Georgia,Lee,13177,28298
Georgia,Liberty,13179,63453
Georgia,Lincoln,13181,7996
Georgia,Long,13183,14464
Georgia,Lowndes,13185,109233
Georgia,Lumpkin,13187,29966
Georgia,McDuffie,13189,21875
Georgia,McIntosh,13191,14333
Georgia,Macon,13193,14740
Georgia,Madison,13195,28120
Georgia,Marion,13197,8742
Georgia,Meriwether,13199,21992
Georgia,Miller,13201,6125
Georgia,Mitchell,13205,23498
Georgia,Monroe,13207,26424
Georgia,Montgomery,13209,9123
Georgia,Morgan,13211,17868
Georgia,Murray,13213,39628
Georgia,Muscogee,13215,189885
Georgia,Newton,13217,99958
Georgia,Oconee,13219,32808
Georgia,Oglethorpe,13221,14899
Georgia,Paulding,13223,142324
Georgia,Peach,13225,27695
Georgia,Pickens,13227,29431
Georgia,Pierce,13229,18758
Georgia,Pike,13231,17869
Georgia,Polk,13233,41475
Georgia,Pulaski,13235,12010
Georgia,Putnam,13237,21218
Georgia,Quitman,13239,2513
Georgia,Rabun,13241,16276
Georgia,Randolph,13243,7719
Georgia,Richmond,13245,200549
Georgia,Rockdale,13247,85215
Georgia,Schley,13249,5010
Georgia,Screven,13251,14593
Georgia,Seminole,13253,8729
Georgia,Spalding,13255,64073
Georgia,Stephens,13257,26175
Georgia,Stewart,13259,6058
Georgia,Sumter,13261,32819
Georgia,Talbot,13263,6865
Georgia,Taliaferro,13265,1717
Georgia,Tattnall,13267,25520
Georgia,Taylor,13269,8906
Georgia,Telfair,13271,16500
Georgia,Terrell,13273,9315
Georgia,Thomas,13275,44720
Georgia,Tift,13277,40118
Georgia,Toombs,13279,27223
Georgia,Towns,13281,10471
Georgia,Treutlen,13283,6885
Georgia,Troup,13285,67044
Georgia,Turner,13287,8930
Georgia,Twiggs,13289,9023
Georgia,Union,13291,21356
Georgia,Upson,13293,27153
Georgia,Walker,13295,68756
Georgia,Walton,13297,83768
Georgia,Ware,13299,36312
Georgia,Warren,13301,5834
Georgia,Washington,13303,21187
Georgia,Wayne,13305,30099
Georgia,Webster,13307,2799
Georgia,Wheeler,13309,7421
Georgia,White,13311,27144
Georgia,Whitfield,13313,102599
Georgia,Wilcox,13315,9255
Georgia,Wilkes,13317,10593
Georgia,Wilkinson,13319,9563
Georgia,Worth,13321,21679
Hawaii,Hawaii,15001,185079
Hawaii,Honolulu,15003,953207
Hawaii,Kalawao,15005,90
Hawaii,Kauai,15007,67091
Hawaii,Maui,15009,154834
Idaho,Ada,16001,392365
Idaho,Adams,16003,3976
Idaho,Bannock,16005,82839
Idaho,Bear Lake,16007,5986
Idaho,Benewah,16009,9285
Idaho,Bingham,16011,45607
Idaho,Blaine,16013,21376
Idaho,Boise,16015,7028
Idaho,Bonner,16017,40877
Idaho,Bonneville,16019,104234
Idaho,Boundary,16021,10972
Idaho,Butte,16023,2891
Idaho,Camas,16025,1117
Idaho,Canyon,16027,188923
Idaho,Caribou,16029,6963
Idaho,Cassia,16031,22952
Idaho,Clark,16033,982
Idaho,Clearwater,16035,8761
Idaho,Custer,16037,4368
Idaho,Elmore,16039,27038
Idaho,Franklin,16041,12786
Idaho,Fremont,16043,13242
Idaho,Gem,16045,16719
Idaho,Gooding,16047,15464
Idaho,Idaho,16049,16267
Idaho,Jefferson,16051,26140
Idaho,Jerome,16053,22374
Idaho,Kootenai,16055,138494
Idaho,Latah,16057,37244
Idaho,Lemhi,16059,7936
Idaho,Lewis,16061,3821
Idaho,Lincoln,16063,5208
Idaho,Madison,16065,37536
Idaho,Minidoka,16067,20069
Idaho,Nez Perce,16069,39265
Idaho,Oneida,16071,4286
Idaho,Owyhee,16073,11526
Idaho,Payette,16075,22623
Idaho,Power,16077,7817
Idaho,Shoshone,16079,12765
Idaho,Teton,16081,10170
Idaho,Twin Falls,16083,77230
Idaho,Valley,16085,9862
Idaho,Washington,16087,10198
Illinois,Adams,17001,67103
Illinois,Alexander,17003,8238
Illinois,Bond,17005,17768
Illinois,Boone,17007,54165
Illinois,Brown,17009,6937
Illinois,Bureau,17011,34978
Illinois,Calhoun,17013,5089
Illinois,Carroll,17015,15387
Illinois,Cass,17017,13642
Illinois,Champaign,17019,201081
Illinois,Christian,17021,34800
Illinois,Clark,17023,16335
Illinois,Clay,17025,13815
Illinois,Clinton,17027,37762
Illinois,Coles,17029,53873
Illinois,Cook,17031,5194675
Illinois,Crawford,17033,19817
Illinois,Cumberland,17035,11048
Illinois,DeKalb,17037,105160
Illinois,De Witt,17039,16561
Illinois,Douglas,17041,19980
Illinois,DuPage,17043,916924
Illinois,Edgar,17045,18576
Illinois,Edwards,17047,6721
Illinois,Effingham,17049,34242
Illinois,Fayette,17051,22140
Illinois,Ford,17053,14081
Illinois,Franklin,17055,39561
Illinois,Fulton,17057,37069
Illinois,Gallatin,17059,5589
Illinois,Greene,17061,13886
Illinois,Grundy,17063,50063
Illinois,Hamilton,17065,8457
Illinois,Hancock,17067,19104
Illinois,Hardin,17069,4320
Illinois,Henderson,17071,7331
Illinois,Henry,17073,50486
Illinois,Iroquois,17075,29718
Illinois,Jackson,17077,60218
Illinois,Jasper,17079,9698
Illinois,Jefferson,17081,38827
Illinois,Jersey,17083,22985
Illinois,Jo Daviess,17085,22678
Illinois,Johnson,17087,12582
Illinois,Kane,17089,515269
Illinois,Kankakee,17091,113449
Illinois,Kendall,17093,114736
Illinois,Knox,17095,52919
Illinois,Lake,17097,703462
Illinois,LaSalle,17099,113924
Illinois,Lawrence,17101,16833
Illinois,Lee,17103,36031
Illinois,Livingston,17105,38950
Illinois,Logan,17107,30305
Illinois,McDonough,17109,32612
Illinois,McHenry,17111,308760
Illinois,McLean,17113,169572
Illinois,Macon,17115,110768
Illinois,Macoupin,17117,47765
Illinois,Madison,17119,269282
Illinois,Marion,17121,39437
Illinois,Marshall,17123,12640
Illinois,Mason,17125,14666
Illinois,Massac,17127,15429
Illinois,Menard,17129,12705
Illinois,Mercer,17131,16434
Illinois,Monroe,17133,32957
Illinois,Montgomery,17135,30104
Illinois,Morgan,17137,35547
Illinois,Moultrie,17139,14846
Illinois,Ogle,17141,53497
Illinois,Peoria,17143,186494
Illinois,Perry,17145,22350
Illinois,Piatt,17147,16729
Illinois,Pike,17149,16430
Illinois,Pope,17151,4470
Illinois,Pulaski,17153,6161
Illinois,Putnam,17155,6006
Illinois,Randolph,17157,33476
Illinois,Richland,17159,16233
Illinois,Rock Island,17161,147546
Illinois,St. Clair,17163,270056
Illinois,Saline,17165,24913
Illinois,Sangamon,17167,197465
Illinois,Schuyler,17169,7544
Illinois,Scott,17171,5355
Illinois,Shelby,17173,22363
Illinois,Stark,17175,5994
Illinois,Stephenson,17177,47711
Illinois,Tazewell,17179,135394
Illinois,Union,17181,17808
Illinois,Vermilion,17183,81625
Illinois,Wabash,17185,11947
Illinois,Warren,17187,17707
Illinois,Washington,17189,14716
Illinois,Wayne,17191,16760
Illinois,White,17193,14665
Illinois,Whiteside,17195,58498
Illinois,Will,17197,677560
Illinois,Williamson,17199,66357
Illinois,Winnebago,17201,295266
Illinois,Woodford,17203,38664
Indiana,Adams,18001,34387
Indiana,Allen,18003,355329
Indiana,Bartholomew,18005,76794
Indiana,Benton,18007,8854
Indiana,Blackford,18009,12766
Indiana,Boone,18011,56640
Indiana,Brown,18013,15242
Indiana,Carroll,18015,20155
Indiana,Cass,18017,38966
Indiana,Clark,18019,110232
Indiana,Clay,18021,26890
Indiana,Clinton,18023,33224
Indiana,Crawford,18025,10713
Indiana,Daviess,18027,31648
Indiana,Dearborn,18029,50047
Indiana,Decatur,18031,25740
Indiana,DeKalb,18033,42223
Indiana,Delaware,18035,117671
Indiana,Dubois,18037,41889
Indiana,Elkhart,18039,197559
Indiana,Fayette,18041,24277
Indiana,Floyd,18043,74578
Indiana,Fountain,18045,17240
Indiana,Franklin,18047,23087
Indiana,Fulton,18049,20836
Indiana,Gibson,18051,33503
Indiana,Grant,18053,70061
Indiana,Greene,18055,33165
Indiana,Hamilton,18057,274569
Indiana,Hancock,18059,70002
Indiana,Harrison,18061,39364
Indiana,Hendricks,18063,145448
Indiana,Henry,18065,49462
Indiana,Howard,18067,82752
Indiana,Huntington,18069,37124
Indiana,Jackson,18071,42376
Indiana,Jasper,18073,33478
Indiana,Jay,18075,21253
Indiana,Jefferson,18077,32428
Indiana,Jennings,18079,28525
Indiana,Johnson,18081,139654
Indiana,Knox,18083,38440
Indiana,Kosciusko,18085,77358
Indiana,LaGrange,18087,37128
Indiana,Lake,18089,496005
Indiana,LaPorte,18091,111467
Indiana,Lawrence,18093,46134
Indiana,Madison,18095,131636
Indiana,Marion,18097,903393
Indiana,Marshall,18099,47051
Indiana,Martin,18101,10334
Indiana,Miami,18103,36903
Indiana,Monroe,18105,137974
Indiana,Montgomery,18107,38124
Indiana,Morgan,18109,68894
Indiana,Newton,18111,14244
Indiana,Noble,18113,47536
Indiana,Ohio,18115,6128
Indiana,Orange,18117,19840
Indiana,Owen,18119,21575
Indiana,Parke,18121,17339
Indiana,Perry,18123,19338
Indiana,Pike,18125,12845
Indiana,Porter,18127,164343
Indiana,Posey,18129,25910
Indiana,Pulaski,18131,13402
Indiana,Putnam,18133,37963
Indiana,Randolph,18135,26171
Indiana,Ripley,18137,28818
Indiana,Rush,18139,17392
Indiana,St. Joseph,18141,266931
Indiana,Scott,18143,24181
Indiana,Shelby,18145,44436
Indiana,Spencer,18147,20952
Indiana,Starke,18149,23363
Indiana,Steuben,18151,34185
Indiana,Sullivan,18153,21475
Indiana,Switzerland,18155,10613
Indiana,Tippecanoe,18157,172780
Indiana,Tipton,18159,15936
Indiana,Union,18161,7516
Indiana,Vanderburgh,18163,179703
Indiana,Vermillion,18165,16212
Indiana,Vigo,18167,107848
Indiana,Wabash,18169,32888
Indiana,Warren,18171,8508
Indiana,Warrick,18173,59689
Indiana,Washington,18175,28262
Indiana,Wayne,18177,68917
Indiana,Wells,18179,27636
Indiana,White,18181,24643
Indiana,Whitley,18183,33292
Iowa,Adair,19001,7682
Iowa,Adams,19003,4029
Iowa,Allamakee,19005,14330
Iowa,Appanoose,19007,12887
Iowa,Audubon,19009,6119
Iowa,Benton,19011,26076
Iowa,Black Hawk,19013,131090
Iowa,Boone,19015,26306
Iowa,Bremer,19017,24276
Iowa,Buchanan,19019,20958
Iowa,Buena Vista,19021,20260
Iowa,Butler,19023,14867
Iowa,Calhoun,19025,9670
Iowa,Carroll,19027,20816
Iowa,Cass,19029,13956
Iowa,Cedar,19031,18499
Iowa,Cerro Gordo,19033,44151
Iowa,Cherokee,19035,12072
Iowa,Chickasaw,19037,12439
Iowa,Clarke,19039,9286
Iowa,Clay,19041,16667
Iowa,Clayton,19043,18129
Iowa,Clinton,19045,49116
Iowa,Crawford,19047,17096
Iowa,Dallas,19049,66135
Iowa,Davis,19051,8753
Iowa,Decatur,19053,8457
Iowa,Delaware,19055,17764
Iowa,Des Moines,19057,40325
Iowa,Dickinson,19059,16667
Iowa,Dubuque,19061,93653
Iowa,Emmet,19063,10302
Iowa,Fayette,19065,20880
Iowa,Floyd,19067,16303
Iowa,Franklin,19069,10680
Iowa,Fremont,19071,7441
Iowa,Greene,19073,9336
Iowa,Grundy,19075,12453
Iowa,Guthrie,19077,10954
Iowa,Hamilton,19079,15673
Iowa,Hancock,19081,11341
Iowa,Hardin,19083,17534
Iowa,Harrison,19085,14928
Iowa,Henry,19087,20145
Iowa,Howard,19089,9566
Iowa,Humboldt,19091,9815
Iowa,Ida,19093,7089
Iowa,Iowa,19095,16355
Iowa,Jackson,19097,19848
Iowa,Jasper,19099,36842
Iowa,Jefferson,19101,16843
Iowa,Johnson,19103,130882
Iowa,Jones,19105,20638
Iowa,Keokuk,19107,10511
Iowa,Kossuth,19109,15543
Iowa,Lee,19111,35862
Iowa,Linn,19113,211226
Iowa,Louisa,19115,11387
Iowa,Lucas,19117,8898
Iowa,Lyon,19119,11581
Iowa,Madison,19121,15679
Iowa,Mahaska,19123,22381
Iowa,Marion,19125,33309
Iowa,Marshall,19127,40648
Iowa,Mills,19129,15059
Iowa,Mitchell,19131,10776
Iowa,Monona,19133,9243
Iowa,Monroe,19135,7970
Iowa,Montgomery,19137,10740
Iowa,Muscatine,19139,42745
Iowa,O'Brien,19141,14398
Iowa,Osceola,19143,6462
Iowa,Page,19145,15932
Iowa,Palo Alto,19147,9421
Iowa,Plymouth,19149,24986
Iowa,Pocahontas,19151,7310
Iowa,Polk,19153,430640
Iowa,Pottawattamie,19155,93158
Iowa,Poweshiek,19157,18914
Iowa,Ringgold,19159,5131
Iowa,Sac,19161,10350
Iowa,Scott,19163,165224
Iowa,Shelby,19165,12167
Iowa,Sioux,19167,33704
Iowa,Story,19169,89542
Iowa,Tama,19171,17767
Iowa,Taylor,19173,6317
Iowa,Union,19175,12534
Iowa,Van Buren,19177,7570
Iowa,Wapello,19179,35625
Iowa,Warren,19181,46225
Iowa,Washington,19183,21704
Iowa,Wayne,19185,6403
Iowa,Webster,19187,38013
Iowa,Winnebago,19189,10866
Iowa,Winneshiek,19191,21056
Iowa,Woodbury,19193,102172
Iowa,Worth,19195,7598
Iowa,Wright,19197,13229
Kansas,Allen,20001,13371
Kansas,Anderson,20003,8102
Kansas,Atchison,20005,16924
Kansas,Barber,20007,4861
Kansas,Barton,20009,27674
Kansas,Bourbon,20011,15173
Kansas,Brown,20013,9984
Kansas,Butler,20015,65880
Kansas,Chase,20017,2790
Kansas,Chautauqua,20019,3669
Kansas,Cherokee,20021,21603
Kansas,Cheyenne,20023,2726
Kansas,Clark,20025,2215
Kansas,Clay,20027,8535
Kansas,Cloud,20029,9533
Kansas,Coffey,20031,8601
Kansas,Comanche,20033,1891
Kansas,Cowley,20035,36311
Kansas,Crawford,20037,39134
Kansas,Decatur,20039,2961
Kansas,Dickinson,20041,19754
Kansas,Doniphan,20043,7945
Kansas,Douglas,20045,110826
Kansas,Edwards,20047,3037
Kansas,Elk,20049,2882
Kansas,Ellis,20051,28452
Kansas,Ellsworth,20053,6497
Kansas,Finney,20055,36776
Kansas,Ford,20057,33848
Kansas,Franklin,20059,25992
Kansas,Geary,20061,34362
Kansas,Gove,20063,2695
Kansas,Graham,20065,2597
Kansas,Grant,20067,7829
Kansas,Gray,20069,6006
Kansas,Greeley,20071,1247
Kansas,Greenwood,20073,6689
Kansas,Hamilton,20075,2690
Kansas,Harper,20077,6034
Kansas,Harvey,20079,34684
Kansas,Haskell,20081,4256
Kansas,Hodgeman,20083,1916
Kansas,Jackson,20085,13462
Kansas,Jefferson,20087,19126
Kansas,Jewell,20089,3077
Kansas,Johnson,20091,544179
Kansas,Kearny,20093,3977
Kansas,Kingman,20095,7858
Kansas,Kiowa,20097,2553
Kansas,Labette,20099,21607
Kansas,Lane,20101,1750
Kansas,Leavenworth,20103,76227
Kansas,Lincoln,20105,3241
Kansas,Linn,20107,9656
Kansas,Logan,20109,2756
Kansas,Lyon,20111,33690
Kansas,McPherson,20113,29180
Kansas,Marion,20115,12660
Kansas,Marshall,20117,10117
Kansas,Meade,20119,4575
Kansas,Miami,20121,32787
Kansas,Mitchell,20123,6373
Kansas,Montgomery,20125,35471
Kansas,Morris,20127,5923
Kansas,Morton,20129,3233
Kansas,Nemaha,20131,10178
Kansas,Neosho,20133,16512
Kansas,Ness,20135,3107
Kansas,Norton,20137,5671
Kansas,Osage,20139,16295
Kansas,Osborne,20141,3858
Kansas,Ottawa,20143,6091
Kansas,Pawnee,20145,6973
Kansas,Phillips,20147,5642
Kansas,Pottawatomie,20149,21604
Kansas,Pratt,20151,9656
Kansas,Rawlins,20153,2519
Kansas,Reno,20155,64511
Kansas,Republic,20157,4980
Kansas,Rice,20159,10083
Kansas,Riley,20161,71115
Kansas,Rooks,20163,5181
Kansas,Rush,20165,3307
Kansas,Russell,20167,6970
Kansas,Saline,20169,55606
Kansas,Scott,20171,4936
Kansas,Sedgwick,20173,498365
Kansas,Seward,20175,22952
Kansas,Shawnee,20177,177934
Kansas,Sheridan,20179,2556
Kansas,Sherman,20181,6010
Kansas,Smith,20183,3853
Kansas,Stafford,20185,4437
Kansas,Stanton,20187,2235
Kansas,Stevens,20189,5724
Kansas,Sumner,20191,24132
Kansas,Thomas,20193,7900
Kansas,Trego,20195,3001
Kansas,Wabaunsee,20197,7053
Kansas,Wallace,20199,1485
Kansas,Washington,20201,5799
Kansas,Wichita,20203,2234
Kansas,Wilson,20205,9409
Kansas,Woodson,20207,3309
Kansas,Wyandotte,20209,157505
Kentucky,Adair,21001,18656
Kentucky,Allen,21003,19956
Kentucky,Anderson,21005,21421
Kentucky,Ballard,21007,8249
Kentucky,Barren,21009,42173
Kentucky,Bath,21011,11591
Kentucky,Bell,21013,28691
Kentucky,Boone,21015,118811
Kentucky,Bourbon,21017,19985
Kentucky,Boyd,21019,49542
Kentucky,Boyle,21021,28432
Kentucky,Bracken,21023,8488
Kentucky,Breathitt,21025,13878
Kentucky,Breckinridge,21027,20059
Kentucky,Bullitt,21029,74319
Kentucky,Butler,21031,12690
Kentucky,Caldwell,21033,12984
Kentucky,Calloway,21035,37191
Kentucky,Campbell,21037,90336
Kentucky,Carlisle,21039,5104
Kentucky,Carroll,21041,10811
Kentucky,Carter,21043,27720
Kentucky,Casey,21045,15955
Kentucky,Christian,21047,73955
Kentucky,Clark,21049,35613
Kentucky,Clay,21051,21730
Kentucky,Clinton,21053,10272
Kentucky,Crittenden,21055,9315
Kentucky,Cumberland,21057,6856
Kentucky,Daviess,21059,96656
Kentucky,Edmonson,21061,12161
Kentucky,Elliott,21063,7852
Kentucky,Estill,21065,14672
Kentucky,Fayette,21067,295803
Kentucky,Fleming,21069,14348
Kentucky,Floyd,21071,39451
Kentucky,Franklin,21073,49285
Kentucky,Fulton,21075,6813
Kentucky,Gallatin,21077,8589
Kentucky,Garrard,21079,16912
Kentucky,Grant,21081,24662
Kentucky,Graves,21083,37121
Kentucky,Grayson,21085,25746
Kentucky,Green,21087,11258
Kentucky,Greenup,21089,36910
Kentucky,Hancock,21091,8565
Kentucky,Hardin,21093,105543
Kentucky,Harlan,21095,29278
Kentucky,Harrison,21097,18846
Kentucky,Hart,21099,18199
Kentucky,Henderson,21101,46250
Kentucky,Henry,21103,15416
Kentucky,Hickman,21105,4902
Kentucky,Hopkins,21107,46920
Kentucky,Jackson,21109,13494
Kentucky,Jefferson,21111,741096
Kentucky,Jessamine,21113,48586
Kentucky,Johnson,21115,23356
Kentucky,Kenton,21117,159720
Kentucky,Knott,21119,16346
Kentucky,Knox,21121,31883
Kentucky,Larue,21123,14193
Kentucky,Laurel,21125,58849
Kentucky,Lawrence,21127,15860
Kentucky,Lee,21129,7887
Kentucky,Leslie,21131,11310
Kentucky,Letcher,21133,24519
Kentucky,Lewis,21135,13870
Kentucky,Lincoln,21137,24742
Kentucky,Livingston,21139,9519
Kentucky,Logan,21141,26835
Kentucky,Lyon,21143,8314
Kentucky,McCracken,21145,65565
Kentucky,McCreary,21147,18306
Kentucky,McLean,21149,9531
Kentucky,Madison,21151,82916
Kentucky,Magoffin,21153,13333
Kentucky,Marion,21155,19820
Kentucky,Marshall,21157,31448
Kentucky,Martin,21159,12929
Kentucky,Mason,21161,17490
Kentucky,Meade,21163,28602
Kentucky,Menifee,21165,6306
Kentucky,Mercer,21167,21331
Kentucky,Metcalfe,21169,10099
Kentucky,Monroe,21171,10963
Kentucky,Montgomery,21173,26499
Kentucky,Morgan,21175,13923
Kentucky,Muhlenberg,21177,31499
Kentucky,Nelson,21179,43437
Kentucky,Nicholas,21181,7135
Kentucky,Ohio,21183,23842
Kentucky,Oldham,21185,60316
Kentucky,Owen,21187,10841
Kentucky,Owsley,21189,4755
Kentucky,Pendleton,21191,14877
Kentucky,Perry,21193,28712
Kentucky,Pike,21195,65024
Kentucky,Powell,21197,12613
Kentucky,Pulaski,21199,63063
Kentucky,Robertson,21201,2282
Kentucky,Rockcastle,21203,17056
Kentucky,Rowan,21205,23333
Kentucky,Russell,21207,17565
Kentucky,Scott,21209,47173
Kentucky,Shelby,21211,42074
Kentucky,Simpson,21213,17327
Kentucky,Spencer,21215,17061
Kentucky,Taylor,21217,24512
Kentucky,Todd,21219,12460
Kentucky,Trigg,21221,14339
Kentucky,Trimble,21223,8809
Kentucky,Union,21225,15007
Kentucky,Warren,21227,113792
Kentucky,Washington,21229,11717
Kentucky,Wayne,21231,20813
Kentucky,Webster,21233,13621
Kentucky,Whitley,21235,35637
Kentucky,Wolfe,21237,7355
Kentucky,Woodford,21239,24939
Louisiana,Acadia,22001,61773
Louisiana,Allen,22003,25764
Louisiana,Ascension,22005,107215
Louisiana,Assumption,22007,23421
Louisiana,Avoyelles,22009,42073
Louisiana,Beauregard,22011,35654
Louisiana,Bienville,22013,14353
Louisiana,Bossier,22015,116979
Louisiana,Caddo,22017,254969
Louisiana,Calcasieu,22019,192768
Louisiana,Caldwell,22021,10132
Louisiana,Cameron,22023,6839
Louisiana,Catahoula,22025,10407
Louisiana,Claiborne,22027,17195
Louisiana,Concordia,22029,20822
Louisiana,De Soto,22031,26656
Louisiana,East Baton Rouge,22033,440171
Louisiana,East Carroll,22035,7759
Louisiana,East Feliciana,22037,20267
Louisiana,Evangeline,22039,33984
Louisiana,Franklin,22041,20767
Louisiana,Grant,22043,22309
Louisiana,Iberia,22045,73240
Louisiana,Iberville,22047,33387
Louisiana,Jackson,22049,16274
Louisiana,Jefferson,22051,432552
Louisiana,Jefferson Davis,22053,31594
Louisiana,Lafayette,22055,221578
Louisiana,Lafourche,22057,96318
Louisiana,La Salle,22059,14890
Louisiana,Lincoln,22061,46735
Louisiana,Livingston,22063,128026
Louisiana,Madison,22065,12093
Louisiana,Morehouse,22067,27979
Louisiana,Natchitoches,22069,39566
Louisiana,Orleans,22071,343829
Louisiana,Ouachita,22073,153720
Louisiana,Plaquemines,22075,23042
Louisiana,Pointe Coupee,22077,22802
Louisiana,Rapides,22079,131613
Louisiana,Red River,22081,9091
Louisiana,Richland,22083,20725
Louisiana,Sabine,22085,24233
Louisiana,St. Bernard,22087,35897
Louisiana,St. Charles,22089,52780
Louisiana,St. Helena,22091,11203
Louisiana,St. James,22093,22102
Louisiana,St. John the Baptist,22095,45924
Louisiana,St. Landry,22097,83384
Louisiana,St. Martin,22099,52160
Louisiana,St. Mary,22101,54650
Louisiana,St. Tammany,22103,233740
Louisiana,Tangipahoa,22105,121097
Louisiana,Tensas,22107,5252
Louisiana,Terrebonne,22109,111860
Louisiana,Union,22111,22721
Louisiana,Vermilion,22113,57999
Louisiana,Vernon,22115,52334
Louisiana,Washington,22117,47168
Louisiana,Webster,22119,41207
Louisiana,West Baton Rouge,22121,23788
Louisiana,West Carroll,22123,11604
Louisiana,West Feliciana,22125,15625
Louisiana,Winn,22127,15313
Maine,Androscoggin,23001,107702
Maine,Aroostook,23003,71870
Maine,Cumberland,23005,281674
Maine,Franklin,23007,30768
Maine,Hancock,23009,54418
Maine,Kennebec,23011,122151
Maine,Knox,23013,39736
Maine,Lincoln,23015,34457
Maine,Oxford,23017,57833
Maine,Penobscot,23019,153923
Maine,Piscataquis,23021,17535
Maine,Sagadahoc,23023,35293
Maine,Somerset,23025,52228
Maine,Waldo,23027,38786
Maine,Washington,23029,32856
Maine,York,23031,197131
Maryland,Allegany,24001,75087
Maryland,Anne Arundel,24003,537656
Maryland,Baltimore,24005,805029
Maryland,Calvert,24009,88737
Maryland,Caroline,24011,33066
Maryland,Carroll,24013,167134
Maryland,Cecil,24015,101108
Maryland,Charles,24017,146551
Maryland,Dorchester,24019,32618
Maryland,Frederick,24021,233385
Maryland,Garrett,24023,30097
Maryland,Harford,24025,244826
Maryland,Howard,24027,287085
Maryland,Kent,24029,20197
Maryland,Montgomery,24031,971777
Maryland,Prince George's,24033,863420
Maryland,Queen Anne's,24035,47798
Maryland,St. Mary's,24037,105151
Maryland,Somerset,24039,26470
Maryland,Talbot,24041,37782
Maryland,Washington,24043,147430
Maryland,Wicomico,24045,98733
Maryland,Worcester,24047,51454
Maryland,Baltimore city,24510,620961
Massachusetts,Barnstable,25001,215888
Massachusetts,Berkshire,25003,131219
Massachusetts,Bristol,25005,548285
Massachusetts,Dukes,25007,16535
Massachusetts,Essex,25009,743159
Massachusetts,Franklin,25011,71372
Massachusetts,Hampden,25013,463490
Massachusetts,Hampshire,25015,158080
Massachusetts,Middlesex,25017,1503085
Massachusetts,Nantucket,25019,10172
Massachusetts,Norfolk,25021,670850
Massachusetts,Plymouth,25023,494919
Massachusetts,Suffolk,25025,722023
Massachusetts,Worcester,25027,798552
Michigan,Alcona,26001,10942
Michigan,Alger,26003,9601
Michigan,Allegan,26005,111408
Michigan,Alpena,26007,29598
Michigan,Antrim,26009,23580
Michigan,Arenac,26011,15899
Michigan,Baraga,26013,8860
Michigan,Barry,26015,59173
Michigan,Bay,26017,107771
Michigan,Benzie,26019,17525
Michigan,Berrien,26021,156813
Michigan,Branch,26023,45248
Michigan,Calhoun,26025,136146
Michigan,Cass,26027,52293
Michigan,Charlevoix,26029,25949
Michigan,Cheboygan,26031,26152
Michigan,Chippewa,26033,38520
Michigan,Clare,26035,30926
Michigan,Clinton,26037,75382
Michigan,Crawford,26039,14074
Michigan,Delta,26041,37069
Michigan,Dickinson,26043,26168
Michigan,Eaton,26045,107759
Michigan,Emmet,26047,32694
Michigan,Genesee,26049,425790
Michigan,Gladwin,26051,25692
Michigan,Gogebic,26053,16427
Michigan,Grand Traverse,26055,86986
Michigan,Gratiot,26057,42476
Michigan,Hillsdale,26059,46688
Michigan,Houghton,26061,36628
Michigan,Huron,26063,33118
Michigan,Ingham,26065,280895
Michigan,Ionia,26067,63905
Michigan,Iosco,26069,25887
Michigan,Iron,26071,11817
Michigan,Isabella,26073,70311
Michigan,Jackson,26075,160248
Michigan,Kalamazoo,26077,250331
Michigan,Kalkaska,26079,17153
Michigan,Kent,26081,602622
Michigan,Keweenaw,26083,2156
Michigan,Lake,26085,11539
Michigan,Lapeer,26087,88319
Michigan,Leelanau,26089,21708
Michigan,Lenawee,26091,99892
Michigan,Livingston,26093,180967
Michigan,Luce,26095,6631
Michigan,Mackinac,26097,11113
Michigan,Macomb,26099,840978
Michigan,Manistee,26101,24733
Michigan,Marquette,26103,67077
Michigan,Mason,26105,28705
Michigan,Mecosta,26107,42798
Michigan,Menominee,26109,24029
Michigan,Midland,26111,83629
Michigan,Missaukee,26113,14849
Michigan,Monroe,26115,152021
Michigan,Montcalm,26117,63342
Michigan,Montmorency,26119,9765
Michigan,Muskegon,26121,172188
Michigan,Newaygo,26123,48460
Michigan,Oakland,26125,1202362
Michigan,Oceana,26127,26570
Michigan,Ogemaw,26129,21699
Michigan,Ontonagon,26131,6780
Michigan,Osceola,26133,23528
Michigan,Oscoda,26135,8640
Michigan,Otsego,26137,24164
Michigan,Ottawa,26139,263801
Michigan,Presque Isle,26141,13376
Michigan,Roscommon,26143,24449
Michigan,Saginaw,26145,200169
Michigan,St. Clair,26147,163040
Michigan,St. Joseph,26149,61295
Michigan,Sanilac,26151,43114
Michigan,Schoolcraft,26153,8485
Michigan,Shiawassee,26155,70648
Michigan,Tuscola,26157,55729
Michigan,Van Buren,26159,76258
Michigan,Washtenaw,26161,344791
Michigan,Wayne,26163,1820584
Michigan,Wexford,26165,32735
Minnesota,Aitkin,27001,16202
Minnesota,Anoka,27003,330844
Minnesota,Becker,27005,32504
Minnesota,Beltrami,27007,44442
Minnesota,Benton,27009,38451
Minnesota,Big Stone,27011,5269
Minnesota,Blue Earth,27013,64013
Minnesota,Brown,27015,25893
Minnesota,Carlton,27017,35386
Minnesota,Carver,27019,91042
Minnesota,Cass,27021,28567
Minnesota,Chippewa,27023,12441
Minnesota,Chisago,27025,53887
Minnesota,Clay,27027,58999
Minnesota,Clearwater,27029,8695
Minnesota,Cook,27031,5176
Minnesota,Cottonwood,27033,11687
Minnesota,Crow Wing,27035,62500
Minnesota,Dakota,27037,398552
Minnesota,Dodge,27039,20087
Minnesota,Douglas,27041,36009
Minnesota,Faribault,27043,14553
Minnesota,Fillmore,27045,20866
Minnesota,Freeborn,27047,31255
Minnesota,Goodhue,27049,46183
Minnesota,Grant,27051,6018
Minnesota,Hennepin,27053,1152425
Minnesota,Houston,27055,19027
Minnesota,Hubbard,27057,20428
Minnesota,Isanti,27059,37816
Minnesota,Itasca,27061,45058
Minnesota,Jackson,27063,10266
Minnesota,Kanabec,27065,16239
Minnesota,Kandiyohi,27067,42239
Minnesota,Kittson,27069,4552
Minnesota,Koochiching,27071,13311
Minnesota,Lac qui Parle,27073,7259
Minnesota,Lake,27075,10866
Minnesota,Lake of the Woods,27077,4045
Minnesota,Le Sueur,27079,27703
Minnesota,Lincoln,27081,5896
Minnesota,Lyon,27083,25857
Minnesota,McLeod,27085,36651
Minnesota,Mahnomen,27087,5413
Minnesota,Marshall,27089,9439
Minnesota,Martin,27091,20840
Minnesota,Meeker,27093,23300
Minnesota,Mille Lacs,27095,26097
Minnesota,Morrison,27097,33198
Minnesota,Mower,27099,39163
Minnesota,Murray,27101,8725
Minnesota,Nicollet,27103,32727
Minnesota,Nobles,27105,21378
Minnesota,Norman,27107,6852
Minnesota,Olmsted,27109,144248
Minnesota,Otter Tail,27111,57303
Minnesota,Pennington,27113,13930
Minnesota,Pine,27115,29750
Minnesota,Pipestone,27117,9596
Minnesota,Polk,27119,31600
Minnesota,Pope,27121,10995
Minnesota,Ramsey,27123,508640
Minnesota,Red Lake,27125,4089
Minnesota,Redwood,27127,16059
Minnesota,Renville,27129,15730
Minnesota,Rice,27131,64142
Minnesota,Rock,27133,9687
Minnesota,Roseau,27135,15629
Minnesota,St. Louis,27137,200226
Minnesota,Scott,27139,129928
Minnesota,Sherburne,27141,88499
Minnesota,Sibley,27143,15226
Minnesota,Stearns,27145,150642
Minnesota,Steele,27147,36576
Minnesota,Stevens,27149,9726
Minnesota,Swift,27151,9783
Minnesota,Todd,27153,24895
Minnesota,Traverse,27155,3558
Minnesota,Wabasha,27157,21676
Minnesota,Wadena,27159,13843
Minnesota,Waseca,27161,19136
Minnesota,Washington,27163,238136
Minnesota,Watonwan,27165,11211
Minnesota,Wilkin,27167,6576
Minnesota,Winona,27169,51461
Minnesota,Wright,27171,124700
Minnesota,Yellow Medicine,27173,10438
Mississippi,Adams,28001,32297
Mississippi,Alcorn,28003,37057
Mississippi,Amite,28005,13131
Mississippi,Attala,28007,19564
Mississippi,Benton,28009,8729
Mississippi,Bolivar,28011,34145
Mississippi,Calhoun,28013,14962
Mississippi,Carroll,28015,10597
Mississippi,Chickasaw,28017,17392
Mississippi,Choctaw,28019,8547
Mississippi,Claiborne,28021,9604
Mississippi,Clarke,28023,16732
Mississippi,Clay,28025,20634
Mississippi,Coahoma,28027,26151
Mississippi,Copiah,28029,29449
Mississippi,Covington,28031,19568
Mississippi,DeSoto,28033,161252
Mississippi,Forrest,28035,74934
Mississippi,Franklin,28037,8118
Mississippi,George,28039,22578
Mississippi,Greene,28041,14400
Mississippi,Grenada,28043,21906
Mississippi,Hancock,28045,43929
Mississippi,Harrison,28047,187105
Mississippi,Hinds,28049,245285
Mississippi,Holmes,28051,19198
Mississippi,Humphreys,28053,9375
Mississippi,Issaquena,28055,1406
Mississippi,Itawamba,28057,23401
Mississippi,Jackson,28059,139668
Mississippi,Jasper,28061,17062
Mississippi,Jefferson,28063,7726
Mississippi,Jefferson Davis,28065,12487
Mississippi,Jones,28067,67761
Mississippi,Kemper,28069,10456
Mississippi,Lafayette,28071,47351
Mississippi,Lamar,28073,55658
Mississippi,Lauderdale,28075,80261
Mississippi,Lawrence,28077,12929
Mississippi,Leake,28079,23805
Mississippi,Lee,28081,82910
Mississippi,Leflore,28083,32317
Mississippi,Lincoln,28085,34869
Mississippi,Lowndes,28087,59779
Mississippi,Madison,28089,95203
Mississippi,Marion,28091,27088
Mississippi,Marshall,28093,37144
Mississippi,Monroe,28095,36989
Mississippi,Montgomery,28097,10925
Mississippi,Neshoba,28099,29676
Mississippi,Newton,28101,21720
Mississippi,Noxubee,28103,11545
Mississippi,Oktibbeha,28105,47671
Mississippi,Panola,28107,34707
Mississippi,Pearl River,28109,55834
Mississippi,Perry,28111,12250
Mississippi,Pike,28113,40404
Mississippi,Pontotoc,28115,29957
Mississippi,Prentiss,28117,25276
Mississippi,Quitman,28119,8223
Mississippi,Rankin,28121,141617
Mississippi,Scott,28123,28264
Mississippi,Sharkey,28125,4916
Mississippi,Simpson,28127,27503
Mississippi,Smith,28129,16491
Mississippi,Stone,28131,17786
Mississippi,Sunflower,28133,29450
Mississippi,Tallahatchie,28135,15378
Mississippi,Tate,28137,28886
Mississippi,Tippah,28139,22232
Mississippi,Tishomingo,28141,19593
Mississippi,Tunica,28143,10778
Mississippi,Union,28145,27134
Mississippi,Walthall,28147,15443
Mississippi,Warren,28149,48773
Mississippi,Washington,28151,51137
Mississippi,Wayne,28153,20747
Mississippi,Webster,28155,10253
Mississippi,Wilkinson,28157,9878
Mississippi,Winston,28159,19198
Mississippi,Yalobusha,28161,12678
Mississippi,Yazoo,28163,28065
Missouri,Adair,29001,25607
Missouri,Andrew,29003,17291
Missouri,Atchison,29005,5685
Missouri,Audrain,29007,25529
Missouri,Barry,29009,35597
Missouri,Barton,29011,12402
Missouri,Bates,29013,17049
Missouri,Benton,29015,19056
Missouri,Bollinger,29017,12363
Missouri,Boone,29019,162642
Missouri,Buchanan,29021,89201
Missouri,Butler,29023,42794
Missouri,Caldwell,29025,9424
Missouri,Callaway,29027,44332
Missouri,Camden,29029,44002
Missouri,Cape Girardeau,29031,75674
Missouri,Carroll,29033,9295
Missouri,Carter,29035,6265
Missouri,Cass,29037,99478
Missouri,Cedar,29039,13982
Missouri,Chariton,29041,7831
Missouri,Christian,29043,77422
Missouri,Clark,29045,7139
Missouri,Clay,29047,221939
Missouri,Clinton,29049,20743
Missouri,Cole,29051,75990
Missouri,Cooper,29053,17601
Missouri,Crawford,29055,24696
Missouri,Dade,29057,7883
Missouri,Dallas,29059,16777
Missouri,Daviess,29061,8433
Missouri,DeKalb,29063,12892
Missouri,Dent,29065,15657
Missouri,Douglas,29067,13684
Missouri,Dunklin,29069,31953
Missouri,Franklin,29071,101492
Missouri,Gasconade,29073,15222
Missouri,Gentry,29075,6738
Missouri,Greene,29077,275174
Missouri,Grundy,29079,10261
Missouri,Harrison,29081,8957
Missouri,Henry,29083,22272
Missouri,Hickory,29085,9627
Missouri,Holt,29087,4912
Missouri,Howard,29089,10144
Missouri,Howell,29091,40400
Missouri,Iron,29093,10630
Missouri,Jackson,29095,674158
Missouri,Jasper,29097,117404
Missouri,Jefferson,29099,218733
Missouri,Johnson,29101,52595
Missouri,Knox,29103,4131
Missouri,Laclede,29105,35571
Missouri,Lafayette,29107,33381
Missouri,Lawrence,29109,38634
Missouri,Lewis,29111,10211
Missouri,Lincoln,29113,52566
Missouri,Linn,29115,12761
Missouri,Livingston,29117,15195
Missouri,McDonald,29119,23083
Missouri,Macon,29121,15566
Missouri,Madison,29123,12226
Missouri,Maries,29125,9176
Missouri,Marion,29127,28781
Missouri,Mercer,29129,3785
Missouri,Miller,29131,24748
Missouri,Mississippi,29133,14358
Missouri,Moniteau,29135,15607
Missouri,Monroe,29137,8840
Missouri,Montgomery,29139,12236
Missouri,Morgan,29141,20565
Missouri,New Madrid,29143,18956
Missouri,Newton,29145,58114
Missouri,Nodaway,29147,23370
Missouri,Oregon,29149,10881
Missouri,Osage,29151,13878
Missouri,Ozark,29153,9723
Missouri,Pemiscot,29155,18296
Missouri,Perry,29157,18971
Missouri,Pettis,29159,42201
Missouri,Phelps,29161,45156
Missouri,Pike,29163,18516
Missouri,Platte,29165,89322
Missouri,Polk,29167,31137
Missouri,Pulaski,29169,52274
Missouri,Putnam,29171,4979
Missouri,Ralls,29173,10167
Missouri,Randolph,29175,25414
Missouri,Ray,29177,23494
Missouri,Reynolds,29179,6696
Missouri,Ripley,29181,14100
Missouri,St. Charles,29183,360485
Missouri,St. Clair,29185,9805
Missouri,Ste. Genevieve,29186,18145
Missouri,St. Francois,29187,65359
Missouri,St. Louis,29189,998954
Missouri,Saline,29195,23370
Missouri,Schuyler,29197,4431
Missouri,Scotland,29199,4843
Missouri,Scott,29201,39191
Missouri,Shannon,29203,8441
Missouri,Shelby,29205,6373
Missouri,Stoddard,29207,29968
Missouri,Stone,29209,32202
Missouri,Sullivan,29211,6714
Missouri,Taney,29213,51675
Missouri,Texas,29215,26008
Missouri,Vernon,29217,21159
Missouri,Warren,29219,32513
Missouri,Washington,29221,25195
Missouri,Wayne,29223,13521
Missouri,Webster,29225,36202
Missouri,Worth,29227,2171
Missouri,Wright,29229,18815
Missouri,St. Louis city,29510,319294
Montana,Beaverhead,30001,9246
Montana,Big Horn,30003,12865
Montana,Blaine,30005,6491
Montana,Broadwater,30007,5612
Montana,Carbon,30009,10078
Montana,Carter,30011,1160
Montana,Cascade,30013,81327
Montana,Chouteau,30015,5813
Montana,Custer,30017,11699
Montana,Daniels,30019,1751
Montana,Dawson,30021,8966
Montana,Deer Lodge,30023,9298
Montana,Fallon,30025,2890
Montana,Fergus,30027,11586
Montana,Flathead,30029,90928
Montana,Gallatin,30031,89513
Montana,Garfield,30033,1206
Montana,Glacier,30035,13399
Montana,Golden Valley,30037,884
Montana,Granite,30039,3079
Montana,Hill,30041,16096
Montana,Jefferson,30043,11406
Montana,Judith Basin,30045,2072
Montana,Lake,30047,28746
Montana,Lewis and Clark,30049,63395
Montana,Liberty,30051,2339
Montana,Lincoln,30053,19687
Montana,McCone,30055,1734
Montana,Madison,30057,7691
Montana,Meagher,30059,1891
Montana,Mineral,30061,4223
Montana,Missoula,30063,109299
Montana,Musselshell,30065,4538
Montana,Park,30067,15636
Montana,Petroleum,30069,494
Montana,Phillips,30071,4253
Montana,Pondera,30073,6153
Montana,Powder River,30075,1743
Montana,Powell,30077,7027
Montana,Prairie,30079,1179
Montana,Ravalli,30081,40212
Montana,Richland,30083,9746
Montana,Roosevelt,30085,10425
Montana,Rosebud,30087,9233
Montana,Sanders,30089,11413
Montana,Sheridan,30091,3384
Montana,Silver Bow,30093,34200
Montana,Stillwater,30095,9117
Montana,Sweet Grass,30097,3651
Montana,Teton,30099,6073
Montana,Toole,30101,5324
Montana,Treasure,30103,718
Montana,Valley,30105,7369
Montana,Wheatland,30107,2168
Montana,Wibaux,30109,1017
Montana,Yellowstone,30111,147972
Montana,Yellowstone National Park,30113,0
Nebraska,Adams,31001,31364
Nebraska,Antelope,31003,6685
Nebraska,Arthur,31005,460
Nebraska,Banner,31007,690
Nebraska,Blaine,31009,478
Nebraska,Boone,31011,5505
Nebraska,Box Butte,31013,11308
Nebraska,Boyd,31015,2099
Nebraska,Brown,31017,3145
Nebraska,Buffalo,31019,46102
Nebraska,Burt,31021,6858
Nebraska,Butler,31023,8395
Nebraska,Cass,31025,25241
Nebraska,Cedar,31027,8852
Nebraska,Chase,31029,3966
Nebraska,Cherry,31031,5713
Nebraska,Cheyenne,31033,9998
Nebraska,Clay,31035,6542
Nebraska,Colfax,31037,10515
Nebraska,Cuming,31039,9139
Nebraska,Custer,31041,10939
Nebraska,Dakota,31043,21006
Nebraska,Dawes,31045,9182
Nebraska,Dawson,31047,24326
Nebraska,Deuel,31049,1941
Nebraska,Dixon,31051,6000
Nebraska,Dodge,31053,36691
Nebraska,Douglas,31055,517110
Nebraska,Dundy,31057,2008
Nebraska,Fillmore,31059,5890
Nebraska,Franklin,31061,3225
Nebraska,Frontier,31063,2756
Nebraska,Furnas,31065,4959
Nebraska,Gage,31067,22311
Nebraska,Garden,31069,2057
Nebraska,Garfield,31071,2049
Nebraska,Gosper,31073,2044
Nebraska,Grant,31075,614
Nebraska,Greeley,31077,2538
Nebraska,Hall,31079,58607
Nebraska,Hamilton,31081,9124
Nebraska,Harlan,31083,3423
Nebraska,Hayes,31085,967
Nebraska,Hitchcock,31087,2908
Nebraska,Holt,31089,10435
Nebraska,Hooker,31091,736
Nebraska,Howard,31093,6274
Nebraska,Jefferson,31095,7547
Nebraska,Johnson,31097,5217
Nebraska,Kearney,31099,6489
Nebraska,Keith,31101,8368
Nebraska,Keya Paha,31103,824
Nebraska,Kimball,31105,3821
Nebraska,Knox,31107,8701
Nebraska,Lancaster,31109,285407
Nebraska,Lincoln,31111,36288
Nebraska,Logan,31113,763
Nebraska,Loup,31115,632
Nebraska,McPherson,31117,539
Nebraska,Madison,31119,34876
Nebraska,Merrick,31121,7845
Nebraska,Morrill,31123,5042
Nebraska,Nance,31125,3735
Nebraska,Nemaha,31127,7248
Nebraska,Nuckolls,31129,4500
Nebraska,Otoe,31131,15740
Nebraska,Pawnee,31133,2773
Nebraska,Perkins,31135,2970
Nebraska,Phelps,31137,9188
Nebraska,Pierce,31139,7266
Nebraska,Platte,31141,32237
Nebraska,Polk,31143,5406
Nebraska,Red Willow,31145,11055
Nebraska,Richardson,31147,8363
Nebraska,Rock,31149,1526
Nebraska,Saline,31151,14200
Nebraska,Sarpy,31153,158840
Nebraska,Saunders,31155,20780
Nebraska,Scotts Bluff,31157,36970
Nebraska,Seward,31159,16750
Nebraska,Sheridan,31161,5469
Nebraska,Sherman,31163,3152
Nebraska,Sioux,31165,1311
Nebraska,Stanton,31167,6129
Nebraska,Thayer,31169,5228
Nebraska,Thomas,31171,647
Nebraska,Thurston,31173,6940
Nebraska,Valley,31175,4260
Nebraska,Washington,31177,20234
Nebraska,Wayne,31179,9595
Nebraska,Webster,31181,3812
Nebraska,Wheeler,31183,818
Nebraska,York,31185,13665
Nevada,Churchill,32001,24877
Nevada,Clark,32003,1951269
Nevada,Douglas,32005,46997
Nevada,Elko,32007,48818
Nevada,Esmeralda,32009,783
Nevada,Eureka,32011,1987
Nevada,Humboldt,32013,16528
Nevada,Lander,32015,5775
Nevada,Lincoln,32017,5345
Nevada,Lyon,32019,51980
Nevada,Mineral,32021,4772
Nevada,Nye,32023,43946
Nevada,Pershing,32027,6753
Nevada,Storey,32029,4010
Nevada,Washoe,32031,421407
Nevada,White Pine,32033,10030
Nevada,Carson City city,32510,55274
New Hampshire,Belknap,33001,60088
New Hampshire,Carroll,33003,47818
New Hampshire,Cheshire,33005,77117
New Hampshire,Coos,33007,33055
New Hampshire,Grafton,33009,89118
New Hampshire,Hillsborough,33011,400721
New Hampshire,Merrimack,33013,146445
New Hampshire,Rockingham,33015,295223
New Hampshire,Strafford,33017,123143
New Hampshire,Sullivan,33019,43742
New Jersey,Atlantic,34001,274549
New Jersey,Bergen,34003,905116
New Jersey,Burlington,34005,448734
New Jersey,Camden,34007,513657
New Jersey,Cape May,34009,97265
New Jersey,Cumberland,34011,156898
New Jersey,Essex,34013,783969
New Jersey,Gloucester,34015,288288
New Jersey,Hudson,34017,634266
New Jersey,Hunterdon,34019,128349
New Jersey,Mercer,34021,366513
New Jersey,Middlesex,34023,809858
New Jersey,Monmouth,34025,630380
New Jersey,Morris,34027,492276
New Jersey,Ocean,34029,576567
New Jersey,Passaic,34031,501226
New Jersey,Salem,34033,66083
New Jersey,Somerset,34035,323444
New Jersey,Sussex,34037,149265
New Jersey,Union,34039,536499
New Jersey,Warren,34041,108692
New Mexico,Bernalillo,35001,662564
New Mexico,Catron,35003,3725
New Mexico,Chaves,35005,65645
New Mexico,Cibola,35006,27213
New Mexico,Colfax,35007,13750
New Mexico,Curry,35009,48376
New Mexico,De Baca,35011,2022
New Mexico,Dona Ana,35013,209233
New Mexico,Eddy,35015,53829
New Mexico,Grant,35017,29514
New Mexico,Guadalupe,35019,4687
New Mexico,Harding,35021,695
New Mexico,Hidalgo,35023,4894
New Mexico,Lea,35025,64727
New Mexico,Lincoln,35027,20497
New Mexico,Los Alamos,35028,17950
New Mexico,Luna,35029,25095
New Mexico,McKinley,35031,71492
New Mexico,Mora,35033,4881
New Mexico,Otero,35035,63797
New Mexico,Quay,35037,9041
New Mexico,Rio Arriba,35039,40246
New Mexico,Roosevelt,35041,19846
New Mexico,Sandoval,35043,131561
New Mexico,San Juan,35045,130044
New Mexico,San Miguel,35047,29393
New Mexico,Santa Fe,35049,144170
New Mexico,Sierra,35051,11988
New Mexico,Socorro,35053,17866
New Mexico,Taos,35055,32937
New Mexico,Torrance,35057,16383
New Mexico,Union,35059,4549
New Mexico,Valencia,35061,76569
New York,Albany,36001,304204
New York,Allegany,36003,48946
New York,Bronx,36005,1385108
New York,Broome,36007,200600
New York,Cattaraugus,36009,80317
New York,Cayuga,36011,80026
New York,Chautauqua,36013,134905
New York,Chemung,36015,88830
New York,Chenango,36017,50477
New York,Clinton,36019,82128
New York,Columbia,36021,63096
New York,Cortland,36023,49336
New York,Delaware,36025,47980
New York,Dutchess,36027,297488
New York,Erie,36029,919040
New York,Essex,36031,39370
New York,Franklin,36033,51599
New York,Fulton,36035,55531
New York,Genesee,36037,60079
New York,Greene,36039,49221
New York,Hamilton,36041,4836
New York,Herkimer,36043,64519
New York,Jefferson,36045,116229
New York,Kings,36047,2504700
New York,Lewis,36049,27087
New York,Livingston,36051,65393
New York,Madison,36053,73442
New York,Monroe,36055,744344
New York,Montgomery,36057,50219
New York,Nassau,36059,1339532
New York,New York,36061,1585873
New York,Niagara,36063,216469
New York,Oneida,36065,234878
New York,Onondaga,36067,467026
New York,Ontario,36069,107931
New York,Orange,36071,372813
New York,Orleans,36073,42883
New York,Oswego,36075,122109
New York,Otsego,36077,62259
New York,Putnam,36079,99710
New York,Queens,36081,2230722
New York,Rensselaer,36083,159429
New York,Richmond,36085,468730
New York,Rockland,36087,311687
New York,St. Lawrence,36089,111944
New York,Saratoga,36091,219607
New York,Schenectady,36093,154727
New York,Schoharie,36095,32749
New York,Schuyler,36097,18343
New York,Seneca,36099,35251
New York,Steuben,36101,98990
New York,Suffolk,36103,1493350
New York,Sullivan,36105,77547
New York,Tioga,36107,51125
New York,Tompkins,36109,101564
New York,Ulster,36111,182493
New York,Warren,36113,65707
New York,Washington,36115,63216
New York,Wayne,36117,93772
New York,Westchester,36119,949113
New York,Wyoming,36121,42155
New York,Yates,36123,25348
North Carolina,Alamance,37001,151131
North Carolina,Alexander,37003,37198
North Carolina,Alleghany,37005,11155
North Carolina,Anson,37007,26948
North Carolina,Ashe,37009,27281
North Carolina,Avery,37011,17797
North Carolina,Beaufort,37013,47759
North Carolina,Bertie,37015,21282
North Carolina,Bladen,37017,35190
North Carolina,Brunswick,37019,107431
North Carolina,Buncombe,37021,238318
North Carolina,Burke,37023,90912
North Carolina,Cabarrus,37025,178011
North Carolina,Caldwell,37027,83029
North Carolina,Camden,37029,9980
North Carolina,Carteret,37031,66469
North Carolina,Caswell,37033,23719
North Carolina,Catawba,37035,154358
North Carolina,Chatham,37037,63505
North Carolina,Cherokee,37039,27444
North Carolina,Chowan,37041,14793
North Carolina,Clay,37043,10587
North Carolina,Cleveland,37045,98078
North Carolina,Columbus,37047,58098
North Carolina,Craven,37049,103505
North Carolina,Cumberland,37051,319431
North Carolina,Currituck,37053,23547
North Carolina,Dare,37055,33920
North Carolina,Davidson,37057,162878
North Carolina,Davie,37059,41240
North Carolina,Duplin,37061,58505
North Carolina,Durham,37063,267587
North Carolina,Edgecombe,37065,56552
North Carolina,Forsyth,37067,350670
North Carolina,Franklin,37069,60619
North Carolina,Gaston,37071,206086
North Carolina,Gates,37073,12197
North Carolina,Graham,37075,8861
North Carolina,Granville,37077,59916
North Carolina,Greene,37079,21362
North Carolina,Guilford,37081,488406
North Carolina,Halifax,37083,54691
North Carolina,Harnett,37085,114678
North Carolina,Haywood,37087,59036
North Carolina,Henderson,37089,106740
North Carolina,Hertford,37091,24669
North Carolina,Hoke,37093,46952
North Carolina,Hyde,37095,5810
North Carolina,Iredell,37097,159437
North Carolina,Jackson,37099,40271
North Carolina,Johnston,37101,168878
North Carolina,Jones,37103,10153
North Carolina,Lee,37105,57866
North Carolina,Lenoir,37107,59495
North Carolina,Lincoln,37109,78265
North Carolina,McDowell,37111,44996
North Carolina,Macon,37113,33922
North Carolina,Madison,37115,20764
North Carolina,Martin,37117,24505
North Carolina,Mecklenburg,37119,919628
North Carolina,Mitchell,37121,15579
North Carolina,Montgomery,37123,27798
North Carolina,Moore,37125,88247
North Carolina,Nash,37127,95840
North Carolina,New Hanover,37129,202667
North Carolina,Northampton,37131,22099
North Carolina,Onslow,37133,177772
North Carolina,Orange,37135,133801
North Carolina,Pamlico,37137,13144
North Carolina,Pasquotank,37139,40661
North Carolina,Pender,37141,52217
North Carolina,Perquimans,37143,13453
North Carolina,Person,37145,39464
North Carolina,Pitt,37147,168148
North Carolina,Polk,37149,20510
North Carolina,Randolph,37151,141752
North Carolina,Richmond,37153,46639
North Carolina,Robeson,37155,134168
North Carolina,Rockingham,37157,93643
North Carolina,Rowan,37159,138428
North Carolina,Rutherford,37161,67810
North Carolina,Sampson,37163,63431
North Carolina,Scotland,37165,36157
North Carolina,Stanly,37167,60585
North Carolina,Stokes,37169,47401
North Carolina,Surry,37171,73673
North Carolina,Swain,37173,13981
North Carolina,Transylvania,37175,33090
North Carolina,Tyrrell,37177,4407
North Carolina,Union,37179,201292
North Carolina,Vance,37181,45422
North Carolina,Wake,37183,900993
North Carolina,Warren,37185,20972
North Carolina,Washington,37187,13228
North Carolina,Watauga,37189,51079
North Carolina,Wayne,37191,122623
North Carolina,Wilkes,37193,69340
North Carolina,Wilson,37195,81234
North Carolina,Yadkin,37197,38406
North Carolina,Yancey,37199,17818
North Dakota,Adams,38001,2343
North Dakota,Barnes,38003,11066
North Dakota,Benson,38005,6660
North Dakota,Billings,38007,783
North Dakota,Bottineau,38009,6429
North Dakota,Bowman,38011,3151
North Dakota,Burke,38013,1968
North Dakota,Burleigh,38015,81308
North Dakota,Cass,38017,149778
North Dakota,Cavalier,38019,3993
North Dakota,Dickey,38021,5289
North Dakota,Divide,38023,2071
North Dakota,Dunn,38025,3536
North Dakota,Eddy,38027,2385
North Dakota,Emmons,38029,3550
North Dakota,Foster,38031,3343
North Dakota,Golden Valley,38033,1680
North Dakota,Grand Forks,38035,66861
North Dakota,Grant,38037,2394
North Dakota,Griggs,38039,2420
North Dakota,Hettinger,38041,2477
North Dakota,Kidder,38043,2435
North Dakota,LaMoure,38045,4139
North Dakota,Logan,38047,1990
North Dakota,McHenry,38049,5395
North Dakota,McIntosh,38051,2809
North Dakota,McKenzie,38053,6360
North Dakota,McLean,38055,8962
North Dakota,Mercer,38057,8424
North Dakota,Morton,38059,27471
North Dakota,Mountrail,38061,7673
North Dakota,Nelson,38063,3126
North Dakota,Oliver,38065,1846
North Dakota,Pembina,38067,7413
North Dakota,Pierce,38069,4357
North Dakota,Ramsey,38071,11451
North Dakota,Ransom,38073,5457
North Dakota,Renville,38075,2470
North Dakota,Richland,38077,16321
North Dakota,Rolette,38079,13937
North Dakota,Sargent,38081,3829
North Dakota,Sheridan,38083,1321
North Dakota,Sioux,38085,4153
North Dakota,Slope,38087,727
North Dakota,Stark,38089,24199
North Dakota,Steele,38091,1975
North Dakota,Stutsman,38093,21100
North Dakota,Towner,38095,2246
North Dakota,Traill,38097,8121
North Dakota,Walsh,38099,11119
North Dakota,Ward,38101,61675
North Dakota,Wells,38103,4207
North Dakota,Williams,38105,22398
Ohio,Adams,39001,28550
Ohio,Allen,39003,106331
Ohio,Ashland,39005,53139
Ohio,Ashtabula,39007,101497
Ohio,Athens,39009,64757
Ohio,Auglaize,39011,45949
Ohio,Belmont,39013,70400
Ohio,Brown,39015,44846
Ohio,Butler,39017,368130
Ohio,Carroll,39019,28836
Ohio,Champaign,39021,40097
Ohio,Clark,39023,138333
Ohio,Clermont,39025,197363
Ohio,Clinton,39027,42040
Ohio,Columbiana,39029,107841
Ohio,Coshocton,39031,36901
Ohio,Crawford,39033,43784
Ohio,Cuyahoga,39035,1280122
Ohio,Darke,39037,52959
Ohio,Defiance,39039,39037
Ohio,Delaware,39041,174214
Ohio,Erie,39043,77079
Ohio,Fairfield,39045,146156
Ohio,Fayette,39047,29030
Ohio,Franklin,39049,1163414
Ohio,Fulton,39051,42698
Ohio,Gallia,39053,30934
Ohio,Geauga,39055,93389
Ohio,Greene,39057,161573
Ohio,Guernsey,39059,40087
Ohio,Hamilton,39061,802374
Ohio,Hancock,39063,74782
Ohio,Hardin,39065,32058
Ohio,Harrison,39067,15864
Ohio,Henry,39069,28215
Ohio,Highland,39071,43589
Ohio,Hocking,39073,29380
Ohio,Holmes,39075,42366
Ohio,Huron,39077,59626
Ohio,Jackson,39079,33225
Ohio,Jefferson,39081,69709
Ohio,Knox,39083,60921
Ohio,Lake,39085,230041
Ohio,Lawrence,39087,62450
Ohio,Licking,39089,166492
Ohio,Logan,39091,45858
Ohio,Lorain,39093,301356
Ohio,Lucas,39095,441815
Ohio,Madison,39097,43435
Ohio,Mahoning,39099,238823
Ohio,Marion,39101,66501
Ohio,Medina,39103,172332
Ohio,Meigs,39105,23770
Ohio,Mercer,39107,40814
Ohio,Miami,39109,102506
Ohio,Monroe,39111,14642
Ohio,Montgomery,39113,535153
Ohio,Morgan,39115,15054
Ohio,Morrow,39117,34827
Ohio,Muskingum,39119,86074
Ohio,Noble,39121,14645
Ohio,Ottawa,39123,41428
Ohio,Paulding,39125,19614
Ohio,Perry,39127,36058
Ohio,Pickaway,39129,55698
Ohio,Pike,39131,28709
Ohio,Portage,39133,161419
Ohio,Preble,39135,42270
Ohio,Putnam,39137,34499
Ohio,Richland,39139,124475
Ohio,Ross,39141,78064
Ohio,Sandusky,39143,60944
Ohio,Scioto,39145,79499
Ohio,Seneca,39147,56745
Ohio,Shelby,39149,49423
Ohio,Stark,39151,375586
Ohio,Summit,39153,541781
Ohio,Trumbull,39155,210312
Ohio,Tuscarawas,39157,92582
Ohio,Union,39159,52300
Ohio,Van Wert,39161,28744
Ohio,Vinton,39163,13435
Ohio,Warren,39165,212693
Ohio,Washington,39167,61778
Ohio,Wayne,39169,114520
Ohio,Williams,39171,37642
Ohio,Wood,39173,125488
Ohio,Wyandot,39175,22615
Oklahoma,Adair,40001,22683
Oklahoma,Alfalfa,40003,5642
Oklahoma,Atoka,40005,14182
Oklahoma,Beaver,40007,5636
Oklahoma,Beckham,40009,22119
Oklahoma,Blaine,40011,11943
Oklahoma,Bryan,40013,42416
Oklahoma,Caddo,40015,29600
Oklahoma,Canadian,40017,115541
Oklahoma,Carter,40019,47557
Oklahoma,Cherokee,40021,46987
Oklahoma,Choctaw,40023,15205
Oklahoma,Cimarron,40025,2475
Oklahoma,Cleveland,40027,255755
Oklahoma,Coal,40029,5925
Oklahoma,Comanche,40031,124098
Oklahoma,Cotton,40033,6193
Oklahoma,Craig,40035,15029
Oklahoma,Creek,40037,69967
Oklahoma,Custer,40039,27469
Oklahoma,Delaware,40041,41487
Oklahoma,Dewey,40043,4810
Oklahoma,Ellis,40045,4151
Oklahoma,Garfield,40047,60580
Oklahoma,Garvin,40049,27576
Oklahoma,Grady,40051,52431
Oklahoma,Grant,40053,4527
Oklahoma,Greer,40055,6239
Oklahoma,Harmon,40057,2922
Oklahoma,Harper,40059,3685
Oklahoma,Haskell,40061,12769
Oklahoma,Hughes,40063,14003
Oklahoma,Jackson,40065,26446
Oklahoma,Jefferson,40067,6472
Oklahoma,Johnston,40069,10957
Oklahoma,Kay,40071,46562
Oklahoma,Kingfisher,40073,15034
Oklahoma,Kiowa,40075,9446
Oklahoma,Latimer,40077,11154
Oklahoma,Le Flore,40079,50384
Oklahoma,Lincoln,40081,34273
Oklahoma,Logan,40083,41848
Oklahoma,Love,40085,9423
Oklahoma,McClain,40087,34506
Oklahoma,McCurtain,40089,33151
Oklahoma,McIntosh,40091,20252
Oklahoma,Major,40093,7527
Oklahoma,Marshall,40095,15840
Oklahoma,Mayes,40097,41259
Oklahoma,Murray,40099,13488
Oklahoma,Muskogee,40101,70990
Oklahoma,Noble,40103,11561
Oklahoma,Nowata,40105,10536
Oklahoma,Okfuskee,40107,12191
Oklahoma,Oklahoma,40109,718633
Oklahoma,Okmulgee,40111,40069
Oklahoma,Osage,40113,47472
Oklahoma,Ottawa,40115,31848
Oklahoma,Pawnee,40117,16577
Oklahoma,Payne,40119,77350
Oklahoma,Pittsburg,40121,45837
Oklahoma,Pontotoc,40123,37492
Oklahoma,Pottawatomie,40125,69442
Oklahoma,Pushmataha,40127,11572
Oklahoma,Roger Mills,40129,3647
Oklahoma,Rogers,40131,86905
Oklahoma,Seminole,40133,25482
Oklahoma,Sequoyah,40135,42391
Oklahoma,Stephens,40137,45048
Oklahoma,Texas,40139,20640
Oklahoma,Tillman,40141,7992
Oklahoma,Tulsa,40143,603403
Oklahoma,Wagoner,40145,73085
Oklahoma,Washington,40147,50976
Oklahoma,Washita,40149,11629
Oklahoma,Woods,40151,8878
Oklahoma,Woodward,40153,20081
Oregon,Baker,41001,16134
Oregon,Benton,41003,85579
Oregon,Clackamas,41005,375992
Oregon,Clatsop,41007,37039
Oregon,Columbia,41009,49351
Oregon,Coos,41011,63043
Oregon,Crook,41013,20978
Oregon,Curry,41015,22364
Oregon,Deschutes,41017,157733
Oregon,Douglas,41019,107667
Oregon,Gilliam,41021,1871
Oregon,Grant,41023,7445
Oregon,Harney,41025,7422
Oregon,Hood River,41027,22346
Oregon,Jackson,41029,203206
Oregon,Jefferson,41031,21720
Oregon,Josephine,41033,82713
Oregon,Klamath,41035,66380
Oregon,Lake,41037,7895
Oregon,Lane,41039,351715
Oregon,Lincoln,41041,46034
Oregon,Linn,41043,116672
Oregon,Malheur,41045,31313
Oregon,Marion,41047,315335
Oregon,Morrow,41049,11173
Oregon,Multnomah,41051,735334
Oregon,Polk,41053,75403
Oregon,Sherman,41055,1765
Oregon,Tillamook,41057,25250
Oregon,Umatilla,41059,75889
Oregon,Union,41061,25748
Oregon,Wallowa,41063,7008
Oregon,Wasco,41065,25213
Oregon,Washington,41067,529710
Oregon,Wheeler,41069,1441
Oregon,Yamhill,41071,99193
Pennsylvania,Adams,42001,101407
Pennsylvania,Allegheny,42003,1223348
Pennsylvania,Armstrong,42005,68941
Pennsylvania,Beaver,42007,170539
Pennsylvania,Bedford,42009,49762
Pennsylvania,Berks,42011,411442
Pennsylvania,Blair,42013,127089
Pennsylvania,Bradford,42015,62622
Pennsylvania,Bucks,42017,625249
Pennsylvania,Butler,42019,183862
Pennsylvania,Cambria,42021,143679
Pennsylvania,Cameron,42023,5085
Pennsylvania,Carbon,42025,65249
Pennsylvania,Centre,42027,153990
Pennsylvania,Chester,42029,498886
Pennsylvania,Clarion,42031,39988
Pennsylvania,Clearfield,42033,81642
Pennsylvania,Clinton,42035,39238
Pennsylvania,Columbia,42037,67295
Pennsylvania,Crawford,42039,88765
Pennsylvania,Cumberland,42041,235406
Pennsylvania,Dauphin,42043,268100
Pennsylvania,Delaware,42045,558979
Pennsylvania,Elk,42047,31946
Pennsylvania,Erie,42049,280566
Pennsylvania,Fayette,42051,136606
Pennsylvania,Forest,42053,7716
Pennsylvania,Franklin,42055,149618
Pennsylvania,Fulton,42057,14845
Pennsylvania,Greene,42059,38686
Pennsylvania,Huntingdon,42061,45913
Pennsylvania,Indiana,42063,88880
Pennsylvania,Jefferson,42065,45200
Pennsylvania,Juniata,42067,24636
Pennsylvania,Lackawanna,42069,214437
Pennsylvania,Lancaster,42071,519445
Pennsylvania,Lawrence,42073,91108
Pennsylvania,Lebanon,42075,133568
Pennsylvania,Lehigh,42077,349497
Pennsylvania,Luzerne,42079,320918
Pennsylvania,Lycoming,42081,116111
Pennsylvania,McKean,42083,43450
Pennsylvania,Mercer,42085,116638
Pennsylvania,Mifflin,42087,46682
Pennsylvania,Monroe,42089,169842
Pennsylvania,Montgomery,42091,799874
Pennsylvania,Montour,42093,18267
Pennsylvania,Northampton,42095,297735
Pennsylvania,Northumberland,42097,94528
Pennsylvania,Perry,42099,45969
Pennsylvania,Philadelphia,42101,1526006
Pennsylvania,Pike,42103,57369
Pennsylvania,Potter,42105,17457
Pennsylvania,Schuylkill,42107,148289
Pennsylvania,Snyder,42109,39702
Pennsylvania,Somerset,42111,77742
Pennsylvania,Sullivan,42113,6428
Pennsylvania,Susquehanna,42115,43356
Pennsylvania,Tioga,42117,41981
Pennsylvania,Union,42119,44947
Pennsylvania,Venango,42121,54984
Pennsylvania,Warren,42123,41815
Pennsylvania,Washington,42125,207820
Pennsylvania,Wayne,42127,52822
Pennsylvania,Westmoreland,42129,365169
Pennsylvania,Wyoming,42131,28276
Pennsylvania,York,42133,434972
Rhode Island,Bristol,44001,49875
Rhode Island,Kent,44003,166158
Rhode Island,Newport,44005,82888
Rhode Island,Providence,44007,626667
Rhode Island,Washington,44009,126979
South Carolina,Abbeville,45001,25417
South Carolina,Aiken,45003,160099
South Carolina,Allendale,45005,10419
South Carolina,Anderson,45007,187126
South Carolina,Bamberg,45009,15987
South Carolina,Barnwell,45011,22621
South Carolina,Beaufort,45013,162233
South Carolina,Berkeley,45015,177843
South Carolina,Calhoun,45017,15175
South Carolina,Charleston,45019,350209
South Carolina,Cherokee,45021,55342
South Carolina,Chester,45023,33140
South Carolina,Chesterfield,45025,46734
South Carolina,Clarendon,45027,34971
South Carolina,Colleton,45029,38892
South Carolina,Darlington,45031,68681
South Carolina,Dillon,45033,32062
South Carolina,Dorchester,45035,136555
South Carolina,Edgefield,45037,26985
South Carolina,Fairfield,45039,23956
South Carolina,Florence,45041,136885
South Carolina,Georgetown,45043,60158
South Carolina,Greenville,45045,451225
South Carolina,Greenwood,45047,69661
South Carolina,Hampton,45049,21090
South Carolina,Horry,45051,269291
South Carolina,Jasper,45053,24777
South Carolina,Kershaw,45055,61697
South Carolina,Lancaster,45057,76652
South Carolina,Laurens,45059,66537
South Carolina,Lee,45061,19220
South Carolina,Lexington,45063,262391
South Carolina,McCormick,45065,10233
South Carolina,Marion,45067,33062
South Carolina,Marlboro,45069,28933
South Carolina,Newberry,45071,37508
South Carolina,Oconee,45073,74273
South Carolina,Orangeburg,45075,92501
South Carolina,Pickens,45077,119224
South Carolina,Richland,45079,384504
South Carolina,Saluda,45081,19875
South Carolina,Spartanburg,45083,284307
South Carolina,Sumter,45085,107456
South Carolina,Union,45087,28961
South Carolina,Williamsburg,45089,34423
South Carolina,York,45091,226073
South Dakota,Aurora,46003,2710
South Dakota,Beadle,46005,17398
South Dakota,Bennett,46007,3431
South Dakota,Bon Homme,46009,7070
South Dakota,Brookings,46011,31965
South Dakota,Brown,46013,36531
South Dakota,Brule,46015,5255
South Dakota,Buffalo,46017,1912
South Dakota,Butte,46019,10110
South Dakota,Campbell,46021,1466
South Dakota,Charles Mix,46023,9129
South Dakota,Clark,46025,3691
South Dakota,Clay,46027,13864
South Dakota,Codington,46029,27227
South Dakota,Corson,46031,4050
South Dakota,Custer,46033,8216
South Dakota,Davison,46035,19504
South Dakota,Day,46037,5710
South Dakota,Deuel,46039,4364
South Dakota,Dewey,46041,5301
South Dakota,Douglas,46043,3002
South Dakota,Edmunds,46045,4071
South Dakota,Fall River,46047,7094
South Dakota,Faulk,46049,2364
South Dakota,Grant,46051,7356
South Dakota,Gregory,46053,4271
South Dakota,Haakon,46055,1937
South Dakota,Hamlin,46057,5903
South Dakota,Hand,46059,3431
South Dakota,Hanson,46061,3331
South Dakota,Harding,46063,1255
South Dakota,Hughes,46065,17022
South Dakota,Hutchinson,46067,7343
South Dakota,Hyde,46069,1420
South Dakota,Jackson,46071,3031
South Dakota,Jerauld,46073,2071
South Dakota,Jones,46075,1006
South Dakota,Kingsbury,46077,5148
South Dakota,Lake,46079,11200
South Dakota,Lawrence,46081,24097
South Dakota,Lincoln,46083,44828
South Dakota,Lyman,46085,3755
South Dakota,McCook,46087,5618
South Dakota,McPherson,46089,2459
South Dakota,Marshall,46091,4656
South Dakota,Meade,46093,25434
South Dakota,Mellette,46095,2048
South Dakota,Miner,46097,2389
South Dakota,Minnehaha,46099,169468
South Dakota,Moody,46101,6486
South Dakota,Pennington,46103,100948
South Dakota,Perkins,46105,2982
South Dakota,Potter,46107,2329
South Dakota,Roberts,46109,10149
South Dakota,Sanborn,46111,2355
South Dakota,Shannon,46113,13586
South Dakota,Spink,46115,6415
South Dakota,Stanley,46117,2966
South Dakota,Sully,46119,1373
South Dakota,Todd,46121,9612
South Dakota,Tripp,46123,5644
South Dakota,Turner,46125,8347
South Dakota,Union,46127,14399
South Dakota,Walworth,46129,5438
South Dakota,Yankton,46135,22438
South Dakota,Ziebach,46137,2801
Tennessee,Anderson,47001,75129
Tennessee,Bedford,47003,45058
Tennessee,Benton,47005,16489
Tennessee,Bledsoe,47007,12876
Tennessee,Blount,47009,123010
Tennessee,Bradley,47011,98963
Tennessee,Campbell,47013,40716
Tennessee,Cannon,47015,13801
Tennessee,Carroll,47017,28522
Tennessee,Carter,47019,57424
Tennessee,Cheatham,47021,39105
Tennessee,Chester,47023,17131
Tennessee,Claiborne,47025,32213
Tennessee,Clay,47027,7861
Tennessee,Cocke,47029,35662
Tennessee,Coffee,47031,52796
Tennessee,Crockett,47033,14586
Tennessee,Cumberland,47035,56053
Tennessee,Davidson,47037,626681
Tennessee,Decatur,47039,11757
Tennessee,DeKalb,47041,18723
Tennessee,Dickson,47043,49666
Tennessee,Dyer,47045,38335
Tennessee,Fayette,47047,38413
Tennessee,Fentress,47049,17959
Tennessee,Franklin,47051,41052
Tennessee,Gibson,47053,49683
Tennessee,Giles,47055,29485
Tennessee,Grainger,47057,22657
Tennessee,Greene,47059,68831
Tennessee,Grundy,47061,13703
Tennessee,Hamblen,47063,62544
Tennessee,Hamilton,47065,336463
Tennessee,Hancock,47067,6819
Tennessee,Hardeman,47069,27253
Tennessee,Hardin,47071,26026
Tennessee,Hawkins,47073,56833
Tennessee,Haywood,47075,18787
Tennessee,Henderson,47077,27769
Tennessee,Henry,47079,32330
Tennessee,Hickman,47081,24690
Tennessee,Houston,47083,8426
Tennessee,Humphreys,47085,18538
Tennessee,Jackson,47087,11638
Tennessee,Jefferson,47089,51407
Tennessee,Johnson,47091,18244
Tennessee,Knox,47093,432226
Tennessee,Lake,47095,7832
Tennessee,Lauderdale,47097,27815
Tennessee,Lawrence,47099,41869
Tennessee,Lewis,47101,12161
Tennessee,Lincoln,47103,33361
Tennessee,Loudon,47105,48556
Tennessee,McMinn,47107,52266
Tennessee,McNairy,47109,26075
Tennessee,Macon,47111,22248
Tennessee,Madison,47113,98294
Tennessee,Marion,47115,28237
Tennessee,Marshall,47117,30617
Tennessee,Maury,47119,80956
Tennessee,Meigs,47121,11753
Tennessee,Monroe,47123,44519
Tennessee,Montgomery,47125,172331
Tennessee,Moore,47127,6362
Tennessee,Morgan,47129,21987
Tennessee,Obion,47131,31807
Tennessee,Overton,47133,22083
Tennessee,Perry,47135,7915
Tennessee,Pickett,47137,5077
Tennessee,Polk,47139,16825
Tennessee,Putnam,47141,72321
Tennessee,Rhea,47143,31809
Tennessee,Roane,47145,54181
Tennessee,Robertson,47147,66283
Tennessee,Rutherford,47149,262604
Tennessee,Scott,47151,22228
Tennessee,Sequatchie,47153,14112
Tennessee,Sevier,47155,89889
Tennessee,Shelby,47157,927644
Tennessee,Smith,47159,19166
Tennessee,Stewart,47161,13324
Tennessee,Sullivan,47163,156823
Tennessee,Sumner,47165,160645
Tennessee,Tipton,47167,61081
Tennessee,Trousdale,47169,7870
Tennessee,Unicoi,47171,18313
Tennessee,Union,47173,19109
Tennessee,Van Buren,47175,5548
Tennessee,Warren,47177,39839
Tennessee,Washington,47179,122979
Tennessee,Wayne,47181,17021
Tennessee,Weakley,47183,35021
Tennessee,White,47185,25841
Tennessee,Williamson,47187,183182
Tennessee,Wilson,47189,113993
Texas,Anderson,48001,58458
Texas,Andrews,48003,14786
Texas,Angelina,48005,86771
Texas,Aransas,48007,23158
Texas,Archer,48009,9054
Texas,Armstrong,48011,1901
Texas,Atascosa,48013,44911
Texas,Austin,48015,28417
Texas,Bailey,48017,7165
Texas,Bandera,48019,20485
Texas,Bastrop,48021,74171
Texas,Baylor,48023,3726
Texas,Bee,48025,31861
Texas,Bell,48027,310235
Texas,Bexar,48029,1714773
Texas,Blanco,48031,10497
Texas,Borden,48033,641
Texas,Bosque,48035,18212
Texas,Bowie,48037,92565
Texas,Brazoria,48039,313166
Texas,Brazos,48041,194851
Texas,Brewster,48043,9232
Texas,Briscoe,48045,1637
Texas,Brooks,48047,7223
Texas,Brown,48049,38106
Texas,Burleson,48051,17187
Texas,Burnet,48053,42750
Texas,Caldwell,48055,38066
Texas,Calhoun,48057,21381
Texas,Callahan,48059,13544
Texas,Cameron,48061,406220
Texas,Camp,48063,12401
Texas,Carson,48065,6182
Texas,Cass,48067,30464
Texas,Castro,48069,8062
Texas,Chambers,48071,35096
Texas,Cherokee,48073,50845
Texas,Childress,48075,7041
Texas,Clay,48077,10752
Texas,Cochran,48079,3127
Texas,Coke,48081,3320
Texas,Coleman,48083,8895
Texas,Collin,48085,782341
Texas,Collingsworth,48087,3057
Texas,Colorado,48089,20874
Texas,Comal,48091,108472
Texas,Comanche,48093,13974
Texas,Concho,48095,4087
Texas,Cooke,48097,38437
Texas,Coryell,48099,75388
Texas,Cottle,48101,1505
Texas,Crane,48103,4375
Texas,Crockett,48105,3719
Texas,Crosby,48107,6059
Texas,Culberson,48109,2398
Texas,Dallam,48111,6703
Texas,Dallas,48113,2368139
Texas,Dawson,48115,13833
Texas,Deaf Smith,48117,19372
Texas,Delta,48119,5231
Texas,Denton,48121,662614
Texas,DeWitt,48123,20097
Texas,Dickens,48125,2444
Texas,Dimmit,48127,9996
Texas,Donley,48129,3677
Texas,Duval,48131,11782
Texas,Eastland,48133,18583
Texas,Ector,48135,137130
Texas,Edwards,48137,2002
Texas,Ellis,48139,149610
Texas,El Paso,48141,800647
Texas,Erath,48143,37890
Texas,Falls,48145,17866
Texas,Fannin,48147,33915
Texas,Fayette,48149,24554
Texas,Fisher,48151,3974
Texas,Floyd,48153,6446
Texas,Foard,48155,1336
Texas,Fort Bend,48157,585375
Texas,Franklin,48159,10605
Texas,Freestone,48161,19816
Texas,Frio,48163,17217
Texas,Gaines,48165,17526
Texas,Galveston,48167,291309
Texas,Garza,48169,6461
Texas,Gillespie,48171,24837
Texas,Glasscock,48173,1226
Texas,Goliad,48175,7210
Texas,Gonzales,48177,19807
Texas,Gray,48179,22535
Texas,Grayson,48181,120877
Texas,Gregg,48183,121730
Texas,Grimes,48185,26604
Texas,Guadalupe,48187,131533
Texas,Hale,48189,36273
Texas,Hall,48191,3353
Texas,Hamilton,48193,8517
Texas,Hansford,48195,5613
Texas,Hardeman,48197,4139
Texas,Hardin,48199,54635
Texas,Harris,48201,4092459
Texas,Harrison,48203,65631
Texas,Hartley,48205,6062
Texas,Haskell,48207,5899
Texas,Hays,48209,157107
Texas,Hemphill,48211,3807
Texas,Henderson,48213,78532
Texas,Hidalgo,48215,774769
Texas,Hill,48217,35089
Texas,Hockley,48219,22935
Texas,Hood,48221,51182
Texas,Hopkins,48223,35161
Texas,Houston,48225,23732
Texas,Howard,48227,35012
Texas,Hudspeth,48229,3476
Texas,Hunt,48231,86129
Texas,Hutchinson,48233,22150
Texas,Irion,48235,1599
Texas,Jack,48237,9044
Texas,Jackson,48239,14075
Texas,Jasper,48241,35710
Texas,Jeff Davis,48243,2342
Texas,Jefferson,48245,252273
Texas,Jim Hogg,48247,5300
Texas,Jim Wells,48249,40838
Texas,Johnson,48251,150934
Texas,Jones,48253,20202
Texas,Karnes,48255,14824
Texas,Kaufman,48257,103350
Texas,Kendall,48259,33410
Texas,Kenedy,48261,416
Texas,Kent,48263,808
Texas,Kerr,48265,49625
Texas,Kimble,48267,4607
Texas,King,48269,286
Texas,Kinney,48271,3598
Texas,Kleberg,48273,32061
Texas,Knox,48275,3719
Texas,Lamar,48277,49793
Texas,Lamb,48279,13977
Texas,Lampasas,48281,19677
Texas,La Salle,48283,6886
Texas,Lavaca,48285,19263
Texas,Lee,48287,16612
Texas,Leon,48289,16801
Texas,Liberty,48291,75643
Texas,Limestone,48293,23384
Texas,Lipscomb,48295,3302
Texas,Live Oak,48297,11531
Texas,Llano,48299,19301
Texas,Loving,48301,82
Texas,Lubbock,48303,278831
Texas,Lynn,48305,5915
Texas,McCulloch,48307,8283
Texas,McLennan,48309,234906
Texas,McMullen,48311,707
Texas,Madison,48313,13664
Texas,Marion,48315,10546
Texas,Martin,48317,4799
Texas,Mason,48319,4012
Texas,Matagorda,48321,36702
Texas,Maverick,48323,54258
Texas,Medina,48325,46006
Texas,Menard,48327,2242
Texas,Midland,48329,136872
Texas,Milam,48331,24757
Texas,Mills,48333,4936
Texas,Mitchell,48335,9403
Texas,Montague,48337,19719
Texas,Montgomery,48339,455746
Texas,Moore,48341,21904
Texas,Morris,48343,12934
Texas,Motley,48345,1210
Texas,Nacogdoches,48347,64524
Texas,Navarro,48349,47735
Texas,Newton,48351,14445
Texas,Nolan,48353,15216
Texas,Nueces,48355,340223
Texas,Ochiltree,48357,10223
Texas,Oldham,48359,2052
Texas,Orange,48361,81837
Texas,Palo Pinto,48363,28111
Texas,Panola,48365,23796
Texas,Parker,48367,116927
Texas,Parmer,48369,10269
Texas,Pecos,48371,15507
Texas,Polk,48373,45413
Texas,Potter,48375,121073
Texas,Presidio,48377,7818
Texas,Rains,48379,10914
Texas,Randall,48381,120725
Texas,Reagan,48383,3367
Texas,Real,48385,3309
Texas,Red River,48387,12860
Texas,Reeves,48389,13783
Texas,Refugio,48391,7383
Texas,Roberts,48393,929
Texas,Robertson,48395,16622
Texas,Rockwall,48397,78337
Texas,Runnels,48399,10501
Texas,Rusk,48401,53330
Texas,Sabine,48403,10834
Texas,San Augustine,48405,8865
Texas,San Jacinto,48407,26384
Texas,San Patricio,48409,64804
Texas,San Saba,48411,6131
Texas,Schleicher,48413,3461
Texas,Scurry,48415,16921
Texas,Shackelford,48417,3378
Texas,Shelby,48419,25448
Texas,Sherman,48421,3034
Texas,Smith,48423,209714
Texas,Somervell,48425,8490
Texas,Starr,48427,60968
Texas,Stephens,48429,9630
Texas,Sterling,48431,1143
Texas,Stonewall,48433,1490
Texas,Sutton,48435,4128
Texas,Swisher,48437,7854
Texas,Tarrant,48439,1809034
Texas,Taylor,48441,131506
Texas,Terrell,48443,984
Texas,Terry,48445,12651
Texas,Throckmorton,48447,1641
Texas,Titus,48449,32334
Texas,Tom Green,48451,110224
Texas,Travis,48453,1024266
Texas,Trinity,48455,14585
Texas,Tyler,48457,21766
Texas,Upshur,48459,39309
Texas,Upton,48461,3355
Texas,Uvalde,48463,26405
Texas,Val Verde,48465,48879
Texas,Van Zandt,48467,52579
Texas,Victoria,48469,86793
Texas,Walker,48471,67861
Texas,Waller,48473,43205
Texas,Ward,48475,10658
Texas,Washington,48477,33718
Texas,Webb,48479,250304
Texas,Wharton,48481,41280
Texas,Wheeler,48483,5410
Texas,Wichita,48485,131500
Texas,Wilbarger,48487,13535
Texas,Willacy,48489,22134
Texas,Williamson,48491,422679
Texas,Wilson,48493,42918
Texas,Winkler,48495,7110
Texas,Wise,48497,59127
Texas,Wood,48499,41964
Texas,Yoakum,48501,7879
Texas,Young,48503,18550
Texas,Zapata,48505,14018
Texas,Zavala,48507,11677
Utah,Beaver,49001,6629
Utah,Box Elder,49003,49975
Utah,Cache,49005,112656
Utah,Carbon,49007,21403
Utah,Daggett,49009,1059
Utah,Davis,49011,306479
Utah,Duchesne,49013,18607
Utah,Emery,49015,10976
Utah,Garfield,49017,5172
Utah,Grand,49019,9225
Utah,Iron,49021,46163
Utah,Juab,49023,10246
Utah,Kane,49025,7125
Utah,Millard,49027,12503
Utah,Morgan,49029,9469
Utah,Piute,49031,1556
Utah,Rich,49033,2264
Utah,Salt Lake,49035,1029655
Utah,San Juan,49037,14746
Utah,Sanpete,49039,27822
Utah,Sevier,49041,20802
Utah,Summit,49043,36324
Utah,Tooele,49045,58218
Utah,Uintah,49047,32588
Utah,Utah,49049,516564
Utah,Wasatch,49051,23530
Utah,Washington,49053,138115
Utah,Wayne,49055,2778
Utah,Weber,49057,231236
Vermont,Addison,50001,36821
Vermont,Bennington,50003,37125
Vermont,Caledonia,50005,31227
Vermont,Chittenden,50007,156545
Vermont,Essex,50009,6306
Vermont,Franklin,50011,47746
Vermont,Grand Isle,50013,6970
Vermont,Lamoille,50015,24475
Vermont,Orange,50017,28936
Vermont,Orleans,50019,27231
Vermont,Rutland,50021,61642
Vermont,Washington,50023,59534
Vermont,Windham,50025,44513
Vermont,Windsor,50027,56670
Virginia,Accomack,51001,33164
Virginia,Albemarle,51003,98970
Virginia,Alleghany,51005,16250
Virginia,Amelia,51007,12690
Virginia,Amherst,51009,32353
Virginia,Appomattox,51011,14973
Virginia,Arlington,51013,207627
Virginia,Augusta,51015,73750
Virginia,Bath,51017,4731
Virginia,Bedford,51019,68676
Virginia,Bland,51021,6824
Virginia,Botetourt,51023,33148
Virginia,Brunswick,51025,17434
Virginia,Buchanan,51027,24098
Virginia,Buckingham,51029,17146
Virginia,Campbell,51031,54842
Virginia,Caroline,51033,28545
Virginia,Carroll,51035,30042
Virginia,Charles City,51036,7256
Virginia,Charlotte,51037,12586
Virginia,Chesterfield,51041,316236
Virginia,Clarke,51043,14034
Virginia,Craig,51045,5190
Virginia,Culpeper,51047,46689
Virginia,Cumberland,51049,10052
Virginia,Dickenson,51051,15903
Virginia,Dinwiddie,51053,28001
Virginia,Essex,51057,11151
Virginia,Fairfax,51059,1081726
Virginia,Fauquier,51061,65203
Virginia,Floyd,51063,15279
Virginia,Fluvanna,51065,25691
Virginia,Franklin,51067,56159
Virginia,Frederick,51069,78305
Virginia,Giles,51071,17286
Virginia,Gloucester,51073,36858
Virginia,Goochland,51075,21717
Virginia,Grayson,51077,15533
Virginia,Greene,51079,18403
Virginia,Greensville,51081,12243
Virginia,Halifax,51083,36241
Virginia,Hanover,51085,99863
Virginia,Henrico,51087,306935
Virginia,Henry,51089,54151
Virginia,Highland,51091,2321
Virginia,Isle of Wight,51093,35270
Virginia,James City,51095,67009
Virginia,King and Queen,51097,6945
Virginia,King George,51099,23584
Virginia,King William,51101,15935
Virginia,Lancaster,51103,11391
Virginia,Lee,51105,25587
Virginia,Loudoun,51107,312311
Virginia,Louisa,51109,33153
Virginia,Lunenburg,51111,12914
Virginia,Madison,51113,13308
Virginia,Mathews,51115,8978
Virginia,Mecklenburg,51117,32727
Virginia,Middlesex,51119,10959
Virginia,Montgomery,51121,94392
Virginia,Nelson,51125,15020
Virginia,New Kent,51127,18429
Virginia,Northampton,51131,12389
Virginia,Northumberland,51133,12330
Virginia,Nottoway,51135,15853
Virginia,Orange,51137,33481
Virginia,Page,51139,24042
Virginia,Patrick,51141,18490
Virginia,Pittsylvania,51143,63506
Virginia,Powhatan,51145,28046
Virginia,Prince Edward,51147,23368
Virginia,Prince George,51149,35725
Virginia,Prince William,51153,402002
Virginia,Pulaski,51155,34872
Virginia,Rappahannock,51157,7373
Virginia,Richmond,51159,9254
Virginia,Roanoke,51161,92376
Virginia,Rockbridge,51163,22307
Virginia,Rockingham,51165,76314
Virginia,Russell,51167,28897
Virginia,Scott,51169,23177
Virginia,Shenandoah,51171,41993
Virginia,Smyth,51173,32208
Virginia,Southampton,51175,18570
Virginia,Spotsylvania,51177,122397
Virginia,Stafford,51179,128961
Virginia,Surry,51181,7058
Virginia,Sussex,51183,12087
Virginia,Tazewell,51185,45078
Virginia,Warren,51187,37575
Virginia,Washington,51191,54876
Virginia,Westmoreland,51193,17454
Virginia,Wise,51195,41452
Virginia,Wythe,51197,29235
Virginia,York,51199,65464
Virginia,Alexandria,51510,139966
Virginia,Bedford,51515,6222
Virginia,Bristol,51520,17835
Virginia,Buena Vista,51530,6650
Virginia,Charlottesville,51540,43475
Virginia,Chesapeake,51550,222209
Virginia,Clifton Forge,51560,0
Virginia,Colonial Heights,51570,17411
Virginia,Covington,51580,5961
Virginia,Danville,51590,43055
Virginia,Emporia,51595,5927
Virginia,Fairfax,51600,22565
Virginia,Falls Church,51610,12332
Virginia,Franklin,51620,8582
Virginia,Fredericksburg,51630,24286
Virginia,Galax,51640,7042
Virginia,Hampton,51650,137436
Virginia,Harrisonburg,51660,48914
Virginia,Hopewell,51670,22591
Virginia,Lexington,51678,7042
Virginia,Lynchburg,51680,75568
Virginia,Manassas,51683,37821
Virginia,Manassas Park,51685,14273
Virginia,Martinsville,51690,13821
Virginia,Newport News,51700,180719
Virginia,Norfolk,51710,242803
Virginia,Norton,51720,3958
Virginia,Petersburg,51730,32420
Virginia,Poquoson,51735,12150
Virginia,Portsmouth,51740,95535
Virginia,Radford,51750,16408
Virginia,Richmond,51760,204214
Virginia,Roanoke,51770,97032
Virginia,Salem,51775,24802
Virginia,South Boston,51780,0
Virginia,Staunton,51790,23746
Virginia,Suffolk,51800,84585
Virginia,Virginia Beach,51810,437994
Virginia,Waynesboro,51820,21006
Virginia,Williamsburg,51830,14068
Virginia,Winchester,51840,26203
Washington,Adams,53001,18728
Washington,Asotin,53003,21623
Washington,Benton,53005,175177
Washington,Chelan,53007,72453
Washington,Clallam,53009,71404
Washington,Clark,53011,425363
Washington,Columbia,53013,4078
Washington,Cowlitz,53015,102410
Washington,Douglas,53017,38431
Washington,Ferry,53019,7551
Washington,Franklin,53021,78163
Washington,Garfield,53023,2266
Washington,Grant,53025,89120
Washington,Grays Harbor,53027,72797
Washington,Island,53029,78506
Washington,Jefferson,53031,29872
Washington,King,53033,1931249
Washington,Kitsap,53035,251133
Washington,Kittitas,53037,40915
Washington,Klickitat,53039,20318
Washington,Lewis,53041,75455
Washington,Lincoln,53043,10570
Washington,Mason,53045,60699
Washington,Okanogan,53047,41120
Washington,Pacific,53049,20920
Washington,Pend Oreille,53051,13001
Washington,Pierce,53053,795225
Washington,San Juan,53055,15769
Washington,Skagit,53057,116901
Washington,Skamania,53059,11066
Washington,Snohomish,53061,713335
Washington,Spokane,53063,471221
Washington,Stevens,53065,43531
Washington,Thurston,53067,252264
Washington,Wahkiakum,53069,3978
Washington,Walla Walla,53071,58781
Washington,Whatcom,53073,201140
Washington,Whitman,53075,44776
Washington,Yakima,53077,243231
West Virginia,Barbour,54001,16589
West Virginia,Berkeley,54003,104169
West Virginia,Boone,54005,24629
West Virginia,Braxton,54007,14523
West Virginia,Brooke,54009,24069
West Virginia,Cabell,54011,96319
West Virginia,Calhoun,54013,7627
West Virginia,Clay,54015,9386
West Virginia,Doddridge,54017,8202
West Virginia,Fayette,54019,46039
West Virginia,Gilmer,54021,8693
West Virginia,Grant,54023,11937
West Virginia,Greenbrier,54025,35480
West Virginia,Hampshire,54027,23964
West Virginia,Hancock,54029,30676
West Virginia,Hardy,54031,14025
West Virginia,Harrison,54033,69099
West Virginia,Jackson,54035,29211
West Virginia,Jefferson,54037,53498
West Virginia,Kanawha,54039,193063
West Virginia,Lewis,54041,16372
West Virginia,Lincoln,54043,21720
West Virginia,Logan,54045,36743
West Virginia,McDowell,54047,22113
West Virginia,Marion,54049,56418
West Virginia,Marshall,54051,33107
West Virginia,Mason,54053,27324
West Virginia,Mercer,54055,62264
West Virginia,Mineral,54057,28212
West Virginia,Mingo,54059,26839
West Virginia,Monongalia,54061,96189
West Virginia,Monroe,54063,13502
West Virginia,Morgan,54065,17541
West Virginia,Nicholas,54067,26233
West Virginia,Ohio,54069,44443
West Virginia,Pendleton,54071,7695
West Virginia,Pleasants,54073,7605
West Virginia,Pocahontas,54075,8719
West Virginia,Preston,54077,33520
West Virginia,Putnam,54079,55486
West Virginia,Raleigh,54081,78859
West Virginia,Randolph,54083,29405
West Virginia,Ritchie,54085,10449
West Virginia,Roane,54087,14926
West Virginia,Summers,54089,13927
West Virginia,Taylor,54091,16895
West Virginia,Tucker,54093,7141
West Virginia,Tyler,54095,9208
West Virginia,Upshur,54097,24254
West Virginia,Wayne,54099,42481
West Virginia,Webster,54101,9154
West Virginia,Wetzel,54103,16583
West Virginia,Wirt,54105,5717
West Virginia,Wood,54107,86956
West Virginia,Wyoming,54109,23796
Wisconsin,Adams,55001,20875
Wisconsin,Ashland,55003,16157
Wisconsin,Barron,55005,45870
Wisconsin,Bayfield,55007,15014
Wisconsin,Brown,55009,248007
Wisconsin,Buffalo,55011,13587
Wisconsin,Burnett,55013,15457
Wisconsin,Calumet,55015,48971
Wisconsin,Chippewa,55017,62415
Wisconsin,Clark,55019,34690
Wisconsin,Columbia,55021,56833
Wisconsin,Crawford,55023,16644
Wisconsin,Dane,55025,488073
Wisconsin,Dodge,55027,88759
Wisconsin,Door,55029,27785
Wisconsin,Douglas,55031,44159
Wisconsin,Dunn,55033,43857
Wisconsin,Eau Claire,55035,98736
Wisconsin,Florence,55037,4423
Wisconsin,Fond du Lac,55039,101633
Wisconsin,Forest,55041,9304
Wisconsin,Grant,55043,51208
Wisconsin,Green,55045,36842
Wisconsin,Green Lake,55047,19051
Wisconsin,Iowa,55049,23687
Wisconsin,Iron,55051,5916
Wisconsin,Jackson,55053,20449
Wisconsin,Jefferson,55055,83686
Wisconsin,Juneau,55057,26664
Wisconsin,Kenosha,55059,166426
Wisconsin,Kewaunee,55061,20574
Wisconsin,La Crosse,55063,114638
Wisconsin,Lafayette,55065,16836
Wisconsin,Langlade,55067,19977
Wisconsin,Lincoln,55069,28743
Wisconsin,Manitowoc,55071,81442
Wisconsin,Marathon,55073,134063
Wisconsin,Marinette,55075,41749
Wisconsin,Marquette,55077,15404
Wisconsin,Menominee,55078,4232
Wisconsin,Milwaukee,55079,947735
Wisconsin,Monroe,55081,44673
Wisconsin,Oconto,55083,37660
Wisconsin,Oneida,55085,35998
Wisconsin,Outagamie,55087,176695
Wisconsin,Ozaukee,55089,86395
Wisconsin,Pepin,55091,7469
Wisconsin,Pierce,55093,41019
Wisconsin,Polk,55095,44205
Wisconsin,Portage,55097,70019
Wisconsin,Price,55099,14159
Wisconsin,Racine,55101,195408
Wisconsin,Richland,55103,18021
Wisconsin,Rock,55105,160331
Wisconsin,Rusk,55107,14755
Wisconsin,St. Croix,55109,84345
Wisconsin,Sauk,55111,61976
Wisconsin,Sawyer,55113,16557
Wisconsin,Shawano,55115,41949
Wisconsin,Sheboygan,55117,115507
Wisconsin,Taylor,55119,20689
Wisconsin,Trempealeau,55121,28816
Wisconsin,Vernon,55123,29773
Wisconsin,Vilas,55125,21430
Wisconsin,Walworth,55127,102228
Wisconsin,Washburn,55129,15911
Wisconsin,Washington,55131,131887
Wisconsin,Waukesha,55133,389891
Wisconsin,Waupaca,55135,52410
Wisconsin,Waushara,55137,24496
Wisconsin,Winnebago,55139,166994
Wisconsin,Wood,55141,74749
Wyoming,Albany,56001,36299
Wyoming,Big Horn,56003,11668
Wyoming,Campbell,56005,46133
Wyoming,Carbon,56007,15885
Wyoming,Converse,56009,13833
Wyoming,Crook,56011,7083
Wyoming,Fremont,56013,40123
Wyoming,Goshen,56015,13249
Wyoming,Hot Springs,56017,4812
Wyoming,Johnson,56019,8569
Wyoming,Laramie,56021,91738
Wyoming,Lincoln,56023,18106
Wyoming,Natrona,56025,75450
Wyoming,Niobrara,56027,2484
Wyoming,Park,56029,28205
Wyoming,Platte,56031,8667
Wyoming,Sheridan,56033,29116
Wyoming,Sublette,56035,10247
Wyoming,Sweetwater,56037,43806
Wyoming,Teton,56039,21294
Wyoming,Uinta,56041,21118
Wyoming,Washakie,56043,8533
Wyoming,Weston,56045,7208
